[
  {
    "regulation": "PCI DSS",
    "article_or_section": "3",
    "principle": "Privacy",
    "requirement": "Protect stored account data.",
    "region_applicability": null,
    "ai_scope": "AI_Privacy_Control",
    "ai_scope_reason": "Heuristic keyword match: privacy/PII"
  },
  {
    "regulation": "PCI DSS",
    "article_or_section": "7",
    "principle": "Access Control",
    "requirement": "Restrict access to system components and cardholder data by business need to know.",
    "region_applicability": null,
    "ai_scope": "AI_Access_Control",
    "ai_scope_reason": "Heuristic keyword match: access control"
  },
  {
    "regulation": "PCI DSS",
    "article_or_section": "9",
    "principle": "Access Control",
    "requirement": "Restrict physical access to cardholder data.",
    "region_applicability": null,
    "ai_scope": "AI_Access_Control",
    "ai_scope_reason": "Heuristic keyword match: access control"
  },
  {
    "regulation": "PCI DSS",
    "article_or_section": "10",
    "principle": "Security",
    "requirement": "Log and monitor all access to system components and cardholder data.",
    "region_applicability": null,
    "ai_scope": "AI_Access_Control",
    "ai_scope_reason": "Heuristic keyword match: access control"
  },
  {
    "regulation": "PCI DSS",
    "article_or_section": "Requirement 12.8",
    "principle": "Governance and Accountability",
    "requirement": "The customer must manage and oversee all their TPSP relationships and monitor the PCI DSS compliance status of their TPSPs at least annually.",
    "region_applicability": null,
    "ai_scope": "AI_Governance",
    "ai_scope_reason": "Heuristic keyword match: audit/governance"
  },
  {
    "regulation": "PCI DSS",
    "article_or_section": "Requirement 12.8",
    "principle": "Governance and Accountability",
    "requirement": "TPSPs must provide customers with their PCI DSS compliance status information to enable customers to manage and monitor TPSPs.",
    "region_applicability": null,
    "ai_scope": "AI_Governance",
    "ai_scope_reason": "Heuristic keyword match: audit/governance"
  },
  {
    "regulation": "PCI DSS",
    "article_or_section": "Best Practices",
    "principle": "Security",
    "requirement": "Entities must develop performance metrics to measure the effectiveness of security initiatives and continuously monitor security controls.",
    "region_applicability": null,
    "ai_scope": "AI_Governance",
    "ai_scope_reason": "Heuristic keyword match: audit/governance"
  },
  {
    "regulation": "PCI DSS",
    "article_or_section": "Best Practices",
    "principle": "Security",
    "requirement": "Entities must review hardware and software technologies at least once every 12 months to confirm they continue to meet security requirements.",
    "region_applicability": null,
    "ai_scope": "AI_Governance",
    "ai_scope_reason": "Heuristic keyword match: audit/governance"
  },
  {
    "regulation": "PCI DSS",
    "article_or_section": "12.9",
    "principle": "Governance and Accountability",
    "requirement": "Third-party service providers (TPSPs) must provide information needed for customers to monitor their PCI DSS compliance status.",
    "region_applicability": null,
    "ai_scope": "AI_Governance",
    "ai_scope_reason": "Heuristic keyword match: audit/governance"
  },
  {
    "regulation": "PCI DSS",
    "article_or_section": "1.1.2",
    "principle": "Governance and Accountability",
    "requirement": "Roles and responsibilities for performing activities in Requirement 1 are documented, assigned, and understood.",
    "region_applicability": null,
    "ai_scope": "AI_Access_Control",
    "ai_scope_reason": "Heuristic keyword match: access control"
  },
  {
    "regulation": "PCI DSS",
    "article_or_section": "1.2.8",
    "principle": "Security",
    "requirement": "Configuration files for NSCs are secured from unauthorized access and kept consistent with active network configurations.",
    "region_applicability": null,
    "ai_scope": "AI_Access_Control",
    "ai_scope_reason": "Heuristic keyword match: access control"
  },
  {
    "regulation": "PCI DSS",
    "article_or_section": "1.3.1",
    "principle": "Access Control",
    "requirement": "Inbound traffic to the CDE is restricted to only traffic that is necessary, and all other traffic is specifically denied.",
    "region_applicability": null,
    "ai_scope": "AI_Access_Control",
    "ai_scope_reason": "Heuristic keyword match: access control"
  },
  {
    "regulation": "PCI DSS",
    "article_or_section": "1.3.2",
    "principle": "Access Control",
    "requirement": "Outbound traffic from the CDE is restricted to only traffic that is necessary, and all other traffic is specifically denied.",
    "region_applicability": null,
    "ai_scope": "AI_Access_Control",
    "ai_scope_reason": "Heuristic keyword match: access control"
  },
  {
    "regulation": "PCI DSS",
    "article_or_section": "1.3.3",
    "principle": "Access Control",
    "requirement": "NSCs are installed between all wireless networks and the CDE such that all wireless traffic from wireless networks into the CDE is denied by default, and only wireless traffic with an authorized business purpose is allowed into the CDE.",
    "region_applicability": null,
    "ai_scope": "AI_Access_Control",
    "ai_scope_reason": "Heuristic keyword match: access control"
  },
  {
    "regulation": "PCI DSS",
    "article_or_section": "1.4.1",
    "principle": "Access Control",
    "requirement": "NSCs are implemented between trusted and untrusted networks.",
    "region_applicability": null,
    "ai_scope": "AI_Access_Control",
    "ai_scope_reason": "Heuristic keyword match: access control"
  },
  {
    "regulation": "PCI DSS",
    "article_or_section": "1.4.2",
    "principle": "Access Control",
    "requirement": "Inbound traffic from untrusted networks to trusted networks is restricted to authorized communications.",
    "region_applicability": null,
    "ai_scope": "AI_Access_Control",
    "ai_scope_reason": "Heuristic keyword match: access control"
  },
  {
    "regulation": "PCI DSS",
    "article_or_section": "1.4.4",
    "principle": "Security",
    "requirement": "System components that store cardholder data are not directly accessible from untrusted networks.",
    "region_applicability": null,
    "ai_scope": "AI_Access_Control",
    "ai_scope_reason": "Heuristic keyword match: access control"
  },
  {
    "regulation": "PCI DSS",
    "article_or_section": "1.4.5",
    "principle": "Access Control",
    "requirement": "The disclosure of internal IP addresses and routing information is limited to only authorized parties.",
    "region_applicability": null,
    "ai_scope": "AI_Access_Control",
    "ai_scope_reason": "Heuristic keyword match: access control"
  },
  {
    "regulation": "PCI DSS",
    "article_or_section": "2.1.2",
    "principle": "Governance and Accountability",
    "requirement": "Roles and responsibilities for performing activities in Requirement 2 are documented, assigned, and understood.",
    "region_applicability": null,
    "ai_scope": "AI_Access_Control",
    "ai_scope_reason": "Heuristic keyword match: access control"
  },
  {
    "regulation": "PCI DSS",
    "article_or_section": "2.2.7",
    "principle": "Security",
    "requirement": "All non-console administrative access is encrypted using strong cryptography.",
    "region_applicability": null,
    "ai_scope": "AI_Access_Control",
    "ai_scope_reason": "Heuristic keyword match: access control"
  },
  {
    "regulation": "PCI DSS",
    "article_or_section": "2.3.2",
    "principle": "Security",
    "requirement": "For wireless environments connected to the CDE or transmitting account data, wireless encryption keys are changed whenever personnel with knowledge of the key leave the company or the role for which the knowledge was necessary, and whenever a key is suspected of or known to be compromised.",
    "region_applicability": null,
    "ai_scope": "AI_Access_Control",
    "ai_scope_reason": "Heuristic keyword match: access control"
  },
  {
    "regulation": "PCI DSS",
    "article_or_section": "3.4",
    "principle": "Access Control",
    "requirement": "Access to displays of full PAN and ability to copy PAN are restricted.",
    "region_applicability": null,
    "ai_scope": "AI_Access_Control",
    "ai_scope_reason": "Heuristic keyword match: access control"
  },
  {
    "regulation": "PCI DSS",
    "article_or_section": "3.6",
    "principle": "Security",
    "requirement": "Cryptographic keys used to protect stored account data are secured.",
    "region_applicability": null,
    "ai_scope": "AI_Privacy_Control",
    "ai_scope_reason": "Heuristic keyword match: privacy/PII"
  },
  {
    "regulation": "PCI DSS",
    "article_or_section": "3.1.2",
    "principle": "Governance and Accountability",
    "requirement": "Roles and responsibilities for performing activities are documented, assigned, and understood.",
    "region_applicability": null,
    "ai_scope": "AI_Access_Control",
    "ai_scope_reason": "Heuristic keyword match: access control"
  },
  {
    "regulation": "PCI DSS",
    "article_or_section": "3.4",
    "principle": "Access Control",
    "requirement": "Access to displays of full PAN and ability to copy PAN are restricted.",
    "region_applicability": null,
    "ai_scope": "AI_Access_Control",
    "ai_scope_reason": "Heuristic keyword match: access control"
  },
  {
    "regulation": "PCI DSS",
    "article_or_section": "3.4.1",
    "principle": "Access Control",
    "requirement": "PAN is masked when displayed such that only personnel with a legitimate business need can see more than the BIN and last four digits of the PAN.",
    "region_applicability": null,
    "ai_scope": "AI_Access_Control",
    "ai_scope_reason": "Heuristic keyword match: access control"
  },
  {
    "regulation": "PCI DSS",
    "article_or_section": "3.4.2",
    "principle": "Access Control",
    "requirement": "Technical controls prevent copy and/or relocation of PAN for all personnel, except for those with documented, explicit authorization and a legitimate, defined business need.",
    "region_applicability": null,
    "ai_scope": "AI_Access_Control",
    "ai_scope_reason": "Heuristic keyword match: access control"
  },
  {
    "regulation": "PCI DSS",
    "article_or_section": "3.4.2.c",
    "principle": "Access Control",
    "requirement": "Only personnel with documented, explicit authorization and a legitimate, defined business need have permission to copy and/or relocate PAN when using remote-access technologies.",
    "region_applicability": null,
    "ai_scope": "AI_Access_Control",
    "ai_scope_reason": "Heuristic keyword match: access control"
  },
  {
    "regulation": "PCI DSS",
    "article_or_section": "3.5.1.b",
    "principle": "Security",
    "requirement": "Examine data repositories and audit logs to verify the PAN is rendered unreadable using specified methods.",
    "region_applicability": null,
    "ai_scope": "AI_Governance",
    "ai_scope_reason": "Heuristic keyword match: audit/governance"
  },
  {
    "regulation": "PCI DSS",
    "article_or_section": "3.5.1.1",
    "principle": "Security",
    "requirement": "Hashes used to render PAN unreadable are keyed cryptographic hashes of the entire PAN, with associated key-management processes and procedures.",
    "region_applicability": null,
    "ai_scope": "AI_Privacy_Control",
    "ai_scope_reason": "Heuristic keyword match: privacy/PII"
  },
  {
    "regulation": "PCI DSS",
    "article_or_section": "3.5.1.1.a",
    "principle": "Security",
    "requirement": "Examine documentation about the hashing method used to render PAN unreadable to verify that it results in keyed cryptographic hashes with associated key management processes.",
    "region_applicability": null,
    "ai_scope": "AI_Privacy_Control",
    "ai_scope_reason": "Heuristic keyword match: privacy/PII"
  },
  {
    "regulation": "PCI DSS",
    "article_or_section": "3.5.1.1.b",
    "principle": "Security",
    "requirement": "Examine documentation about the key management procedures associated with the keyed cryptographic hashes to verify keys are managed in accordance with specified requirements.",
    "region_applicability": null,
    "ai_scope": "AI_Privacy_Control",
    "ai_scope_reason": "Heuristic keyword match: privacy/PII"
  },
  {
    "regulation": "PCI DSS",
    "article_or_section": "3.5.1.3",
    "principle": "Security",
    "requirement": "If disk-level or partition-level encryption is used to render PAN unreadable, logical access is managed separately and independently of native operating system authentication and access control mechanisms.",
    "region_applicability": null,
    "ai_scope": "AI_Access_Control",
    "ai_scope_reason": "Heuristic keyword match: access control"
  },
  {
    "regulation": "PCI DSS",
    "article_or_section": "3.6.1",
    "principle": "Security",
    "requirement": "Procedures are defined and implemented to protect cryptographic keys used to protect stored account data against disclosure and misuse.",
    "region_applicability": null,
    "ai_scope": "AI_Privacy_Control",
    "ai_scope_reason": "Heuristic keyword match: privacy/PII"
  },
  {
    "regulation": "PCI DSS",
    "article_or_section": "3.6.1.3",
    "principle": "Access Control",
    "requirement": "Access to cleartext cryptographic key components is restricted to the fewest number of custodians necessary.",
    "region_applicability": null,
    "ai_scope": "AI_Privacy_Control",
    "ai_scope_reason": "Heuristic keyword match: privacy/PII"
  },
  {
    "regulation": "PCI DSS",
    "article_or_section": "3.6.1.4",
    "principle": "Retention",
    "requirement": "Cryptographic keys are stored in the fewest possible locations.",
    "region_applicability": null,
    "ai_scope": "AI_Privacy_Control",
    "ai_scope_reason": "Heuristic keyword match: privacy/PII"
  },
  {
    "regulation": "PCI DSS",
    "article_or_section": "3.7.1",
    "principle": "Security",
    "requirement": "Key-management policies and procedures are implemented to include generation of strong cryptographic keys used to protect stored account data.",
    "region_applicability": null,
    "ai_scope": "AI_Privacy_Control",
    "ai_scope_reason": "Heuristic keyword match: privacy/PII"
  },
  {
    "regulation": "PCI DSS",
    "article_or_section": "3.7.2",
    "principle": "Security",
    "requirement": "Key-management policies and procedures are implemented to include secure distribution of cryptographic keys used to protect stored account data.",
    "region_applicability": null,
    "ai_scope": "AI_Privacy_Control",
    "ai_scope_reason": "Heuristic keyword match: privacy/PII"
  },
  {
    "regulation": "PCI DSS",
    "article_or_section": "3.7.3",
    "principle": "Security",
    "requirement": "Key-management policies and procedures are implemented to include secure storage of cryptographic keys used to protect stored account data.",
    "region_applicability": null,
    "ai_scope": "AI_Privacy_Control",
    "ai_scope_reason": "Heuristic keyword match: privacy/PII"
  },
  {
    "regulation": "PCI DSS",
    "article_or_section": "3.7.4",
    "principle": "Security",
    "requirement": "Key management policies and procedures are implemented for cryptographic key changes for keys that have reached the end of their cryptoperiod.",
    "region_applicability": null,
    "ai_scope": "AI_Privacy_Control",
    "ai_scope_reason": "Heuristic keyword match: privacy/PII"
  },
  {
    "regulation": "PCI DSS",
    "article_or_section": "3.7.6",
    "principle": "Access Control",
    "requirement": "Key-management policies and procedures are implemented to manage manual cleartext cryptographic key-management operations using split knowledge and dual control.",
    "region_applicability": null,
    "ai_scope": "AI_Privacy_Control",
    "ai_scope_reason": "Heuristic keyword match: privacy/PII"
  },
  {
    "regulation": "PCI DSS",
    "article_or_section": "3.7.7",
    "principle": "Access Control",
    "requirement": "Key management policies and procedures are implemented to include the prevention of unauthorized substitution of cryptographic keys.",
    "region_applicability": null,
    "ai_scope": "AI_Privacy_Control",
    "ai_scope_reason": "Heuristic keyword match: privacy/PII"
  },
  {
    "regulation": "PCI DSS",
    "article_or_section": "3.7.8",
    "principle": "Governance and Accountability",
    "requirement": "Key management policies and procedures are implemented to include that cryptographic key custodians formally acknowledge their responsibilities.",
    "region_applicability": null,
    "ai_scope": "AI_Privacy_Control",
    "ai_scope_reason": "Heuristic keyword match: privacy/PII"
  },
  {
    "regulation": "PCI DSS",
    "article_or_section": "3.7.9",
    "principle": "Governance and Accountability",
    "requirement": "Where a service provider shares cryptographic keys with its customers, guidance on secure transmission, storage, and updating of such keys is documented and distributed.",
    "region_applicability": null,
    "ai_scope": "AI_Privacy_Control",
    "ai_scope_reason": "Heuristic keyword match: privacy/PII"
  },
  {
    "regulation": "PCI DSS",
    "article_or_section": "4.1.2",
    "principle": "Governance and Accountability",
    "requirement": "Roles and responsibilities for performing activities in Requirement 4 are documented, assigned, and understood.",
    "region_applicability": null,
    "ai_scope": "AI_Access_Control",
    "ai_scope_reason": "Heuristic keyword match: access control"
  },
  {
    "regulation": "PCI DSS",
    "article_or_section": "4.2.2",
    "principle": "Security",
    "requirement": "PAN is secured with strong cryptography whenever it is sent via end-user messaging technologies.",
    "region_applicability": null,
    "ai_scope": "AI_Governance",
    "ai_scope_reason": "Heuristic keyword match: audit/governance"
  },
  {
    "regulation": "PCI DSS",
    "article_or_section": "4.2.2.a",
    "principle": "Security",
    "requirement": "Examine documented policies and procedures to verify that processes are defined to secure PAN with strong cryptography whenever sent over end-user messaging technologies.",
    "region_applicability": null,
    "ai_scope": "AI_Governance",
    "ai_scope_reason": "Heuristic keyword match: audit/governance"
  },
  {
    "regulation": "PCI DSS",
    "article_or_section": "4.2.2.b",
    "principle": "Security",
    "requirement": "Examine system configurations and vendor documentation to verify that PAN is secured with strong cryptography whenever it is sent via end-user messaging technologies.",
    "region_applicability": null,
    "ai_scope": "AI_Governance",
    "ai_scope_reason": "Heuristic keyword match: audit/governance"
  },
  {
    "regulation": "PCI DSS",
    "article_or_section": "5.1.2",
    "principle": "Governance and Accountability",
    "requirement": "Roles and responsibilities for performing activities in Requirement 5 are documented, assigned, and understood.",
    "region_applicability": null,
    "ai_scope": "AI_Access_Control",
    "ai_scope_reason": "Heuristic keyword match: access control"
  },
  {
    "regulation": "PCI DSS",
    "article_or_section": "5.3.3",
    "principle": "Security",
    "requirement": "For removable electronic media, the anti-malware solution(s) performs automatic scans when the media is inserted, connected, or logically mounted, or performs continuous behavioral analysis of systems or processes when the media is inserted, connected, or logically mounted.",
    "region_applicability": null,
    "ai_scope": "AI_Governance",
    "ai_scope_reason": "Heuristic keyword match: audit/governance"
  },
  {
    "regulation": "PCI DSS",
    "article_or_section": "5.3.4",
    "principle": "Retention",
    "requirement": "Audit logs for the anti-malware solution(s) are enabled and retained in accordance with Requirement 10.5.1.",
    "region_applicability": null,
    "ai_scope": "AI_Governance",
    "ai_scope_reason": "Heuristic keyword match: audit/governance"
  },
  {
    "regulation": "PCI DSS",
    "article_or_section": "5.3.5",
    "principle": "Access Control",
    "requirement": "Anti-malware mechanisms cannot be disabled or altered by users, unless specifically documented and authorized by management on a case-by-case basis for a limited time period.",
    "region_applicability": null,
    "ai_scope": "AI_Access_Control",
    "ai_scope_reason": "Heuristic keyword match: access control"
  },
  {
    "regulation": "PCI DSS",
    "article_or_section": "5.4.1",
    "principle": "Security",
    "requirement": "Processes and automated mechanisms are in place to detect and protect personnel against phishing attacks.",
    "region_applicability": null,
    "ai_scope": "AI_Privacy_Control",
    "ai_scope_reason": "Heuristic keyword match: privacy/PII"
  },
  {
    "regulation": "PCI DSS",
    "article_or_section": "6.1.2",
    "principle": "Governance and Accountability",
    "requirement": "Roles and responsibilities for performing activities in Requirement 6 are documented, assigned, and understood.",
    "region_applicability": null,
    "ai_scope": "AI_Access_Control",
    "ai_scope_reason": "Heuristic keyword match: access control"
  },
  {
    "regulation": "PCI DSS",
    "article_or_section": "6.4.1",
    "principle": "Security",
    "requirement": "Public-facing web applications are reviewed via manual or automated application vulnerability security assessment tools at least once every 12 months and after significant changes.",
    "region_applicability": null,
    "ai_scope": "AI_Explainability",
    "ai_scope_reason": "Heuristic keyword match: explainability"
  },
  {
    "regulation": "PCI DSS",
    "article_or_section": "6.4.2",
    "principle": "Security",
    "requirement": "An automated technical solution is deployed that continually detects and prevents web-based attacks.",
    "region_applicability": null,
    "ai_scope": "AI_Explainability",
    "ai_scope_reason": "Heuristic keyword match: explainability"
  },
  {
    "regulation": "PCI DSS",
    "article_or_section": "6.4.3",
    "principle": "Security",
    "requirement": "A method is implemented to confirm that each payment page script is authorized.",
    "region_applicability": null,
    "ai_scope": "AI_Access_Control",
    "ai_scope_reason": "Heuristic keyword match: access control"
  },
  {
    "regulation": "PCI DSS",
    "article_or_section": "6.5.3",
    "principle": "Access Control",
    "requirement": "Pre-production environments are separated from production environments and the separation is enforced with access controls.",
    "region_applicability": null,
    "ai_scope": "AI_Access_Control",
    "ai_scope_reason": "Heuristic keyword match: access control"
  },
  {
    "regulation": "PCI DSS",
    "article_or_section": "6.5.4",
    "principle": "Governance and Accountability",
    "requirement": "Roles and functions are separated between production and pre-production environments to provide accountability such that only reviewed and approved changes are deployed.",
    "region_applicability": null,
    "ai_scope": "AI_Access_Control",
    "ai_scope_reason": "Heuristic keyword match: access control"
  },
  {
    "regulation": "PCI DSS",
    "article_or_section": "7.1",
    "principle": "Access Control",
    "requirement": "Processes and mechanisms for restricting access to system components and cardholder data by business need to know are defined and understood.",
    "region_applicability": null,
    "ai_scope": "AI_Access_Control",
    "ai_scope_reason": "Heuristic keyword match: access control"
  },
  {
    "regulation": "PCI DSS",
    "article_or_section": "7.1.2",
    "principle": "Governance and Accountability",
    "requirement": "Roles and responsibilities for performing activities in Requirement 7 are documented, assigned, and understood.",
    "region_applicability": null,
    "ai_scope": "AI_Access_Control",
    "ai_scope_reason": "Heuristic keyword match: access control"
  },
  {
    "regulation": "PCI DSS",
    "article_or_section": "7.2",
    "principle": "Access Control",
    "requirement": "Access to system components and data is appropriately defined and assigned.",
    "region_applicability": null,
    "ai_scope": "AI_Access_Control",
    "ai_scope_reason": "Heuristic keyword match: access control"
  },
  {
    "regulation": "PCI DSS",
    "article_or_section": "7.2.1",
    "principle": "Access Control",
    "requirement": "An access control model is defined and includes granting access based on appropriate access depending on the entity\u2019s business and access needs, access to system components and data resources based on users\u2019 job classification and functions, and the least privileges required to perform a job function.",
    "region_applicability": null,
    "ai_scope": "AI_Access_Control",
    "ai_scope_reason": "Heuristic keyword match: access control"
  },
  {
    "regulation": "PCI DSS",
    "article_or_section": "7.2.2",
    "principle": "Access Control",
    "requirement": "Access is assigned to users, including privileged users, based on job classification and function, and least privileges necessary to perform job responsibilities.",
    "region_applicability": null,
    "ai_scope": "AI_Access_Control",
    "ai_scope_reason": "Heuristic keyword match: access control"
  },
  {
    "regulation": "PCI DSS",
    "article_or_section": "7.2.3",
    "principle": "Access Control",
    "requirement": "Required privileges are approved by authorized personnel.",
    "region_applicability": null,
    "ai_scope": "AI_Access_Control",
    "ai_scope_reason": "Heuristic keyword match: access control"
  },
  {
    "regulation": "PCI DSS",
    "article_or_section": "7.2.4",
    "principle": "Access Control",
    "requirement": "All user accounts and related access privileges, including third-party/vendor accounts, are reviewed at least once every six months to ensure user accounts and access remain appropriate based on job function.",
    "region_applicability": null,
    "ai_scope": "AI_Access_Control",
    "ai_scope_reason": "Heuristic keyword match: access control"
  },
  {
    "regulation": "PCI DSS",
    "article_or_section": "7.2.5",
    "principle": "Access Control",
    "requirement": "All application and system accounts and related access privileges are assigned and managed based on the least privileges necessary for the operability of the system or application.",
    "region_applicability": null,
    "ai_scope": "AI_Access_Control",
    "ai_scope_reason": "Heuristic keyword match: access control"
  },
  {
    "regulation": "PCI DSS",
    "article_or_section": "7.2.5.1",
    "principle": "Access Control",
    "requirement": "All access by application and system accounts and related access privileges are reviewed periodically to ensure appropriateness.",
    "region_applicability": null,
    "ai_scope": "AI_Access_Control",
    "ai_scope_reason": "Heuristic keyword match: access control"
  },
  {
    "regulation": "PCI DSS",
    "article_or_section": "7.2.6",
    "principle": "Access Control",
    "requirement": "All user access to query repositories of stored cardholder data is restricted via applications or other programmatic methods based on user roles and least privileges.",
    "region_applicability": null,
    "ai_scope": "AI_Access_Control",
    "ai_scope_reason": "Heuristic keyword match: access control"
  },
  {
    "regulation": "PCI DSS",
    "article_or_section": "7.3.1",
    "principle": "Access Control",
    "requirement": "An access control system(s) is in place that restricts access based on a user\u2019s need to know and covers all system components.",
    "region_applicability": null,
    "ai_scope": "AI_Access_Control",
    "ai_scope_reason": "Heuristic keyword match: access control"
  },
  {
    "regulation": "PCI DSS",
    "article_or_section": "7.3.2",
    "principle": "Access Control",
    "requirement": "The access control system(s) is configured to enforce permissions assigned to individuals, applications, and systems based on job classification and function.",
    "region_applicability": null,
    "ai_scope": "AI_Access_Control",
    "ai_scope_reason": "Heuristic keyword match: access control"
  },
  {
    "regulation": "PCI DSS",
    "article_or_section": "7.3.3",
    "principle": "Access Control",
    "requirement": "The access control system(s) is set to 'deny all' by default.",
    "region_applicability": null,
    "ai_scope": "AI_Access_Control",
    "ai_scope_reason": "Heuristic keyword match: access control"
  },
  {
    "regulation": "PCI DSS",
    "article_or_section": "8.1",
    "principle": "Access Control",
    "requirement": "Processes and mechanisms for identifying users and authenticating access to system components are defined and understood.",
    "region_applicability": null,
    "ai_scope": "AI_Access_Control",
    "ai_scope_reason": "Heuristic keyword match: access control"
  },
  {
    "regulation": "PCI DSS",
    "article_or_section": "8.2",
    "principle": "Access Control",
    "requirement": "User identification and related accounts for users and administrators are strictly managed throughout an account\u2019s lifecycle.",
    "region_applicability": null,
    "ai_scope": "AI_Access_Control",
    "ai_scope_reason": "Heuristic keyword match: access control"
  },
  {
    "regulation": "PCI DSS",
    "article_or_section": "8.4",
    "principle": "Access Control",
    "requirement": "Multi-factor authentication (MFA) is implemented to secure access into the Cardholder Data Environment (CDE).",
    "region_applicability": null,
    "ai_scope": "AI_Access_Control",
    "ai_scope_reason": "Heuristic keyword match: access control"
  },
  {
    "regulation": "PCI DSS",
    "article_or_section": "8.6",
    "principle": "Access Control",
    "requirement": "Use of application and system accounts and associated authentication factors is strictly managed.",
    "region_applicability": null,
    "ai_scope": "AI_Access_Control",
    "ai_scope_reason": "Heuristic keyword match: access control"
  },
  {
    "regulation": "PCI DSS",
    "article_or_section": "8.1.2",
    "principle": "Governance and Accountability",
    "requirement": "Roles and responsibilities for performing activities in Requirement 8 are documented, assigned, and understood.",
    "region_applicability": null,
    "ai_scope": "AI_Access_Control",
    "ai_scope_reason": "Heuristic keyword match: access control"
  },
  {
    "regulation": "PCI DSS",
    "article_or_section": "8.2.1",
    "principle": "Access Control",
    "requirement": "All users are assigned a unique ID before access to system components or cardholder data is allowed.",
    "region_applicability": null,
    "ai_scope": "AI_Access_Control",
    "ai_scope_reason": "Heuristic keyword match: access control"
  },
  {
    "regulation": "PCI DSS",
    "article_or_section": "8.2.2",
    "principle": "Access Control",
    "requirement": "Group, shared, or generic IDs, or other shared authentication credentials are only used when necessary on an exception basis, and are managed according to specified conditions.",
    "region_applicability": null,
    "ai_scope": "AI_Access_Control",
    "ai_scope_reason": "Heuristic keyword match: access control"
  },
  {
    "regulation": "PCI DSS",
    "article_or_section": "8.2.3",
    "principle": "Access Control",
    "requirement": "Service providers with remote access to customer premises use unique authentication factors for each customer premises.",
    "region_applicability": null,
    "ai_scope": "AI_Access_Control",
    "ai_scope_reason": "Heuristic keyword match: access control"
  },
  {
    "regulation": "PCI DSS",
    "article_or_section": "8.2.4",
    "principle": "Access Control",
    "requirement": "Addition, deletion, and modification of user IDs, authentication factors, and other identifier objects are managed with appropriate authorization.",
    "region_applicability": null,
    "ai_scope": "AI_Access_Control",
    "ai_scope_reason": "Heuristic keyword match: access control"
  },
  {
    "regulation": "PCI DSS",
    "article_or_section": "8.2.5",
    "principle": "Access Control",
    "requirement": "Access for terminated users is immediately revoked.",
    "region_applicability": null,
    "ai_scope": "AI_Access_Control",
    "ai_scope_reason": "Heuristic keyword match: access control"
  },
  {
    "regulation": "PCI DSS",
    "article_or_section": "8.2.6",
    "principle": "Access Control",
    "requirement": "Inactive user accounts are removed or disabled within 90 days of inactivity.",
    "region_applicability": null,
    "ai_scope": "AI_Access_Control",
    "ai_scope_reason": "Heuristic keyword match: access control"
  },
  {
    "regulation": "PCI DSS",
    "article_or_section": "8.2.7",
    "principle": "Access Control",
    "requirement": "Accounts used by third parties to access, support, or maintain system components via remote access are enabled only during the time period needed and disabled when not in use.",
    "region_applicability": null,
    "ai_scope": "AI_Access_Control",
    "ai_scope_reason": "Heuristic keyword match: access control"
  },
  {
    "regulation": "PCI DSS",
    "article_or_section": "8.2.7",
    "principle": "Access Control",
    "requirement": "Use of third-party accounts is monitored for unexpected activity.",
    "region_applicability": null,
    "ai_scope": "AI_Access_Control",
    "ai_scope_reason": "Heuristic keyword match: access control"
  },
  {
    "regulation": "PCI DSS",
    "article_or_section": "8.2.8",
    "principle": "Access Control",
    "requirement": "If a user session has been idle for more than 15 minutes, the user is required to re-authenticate to re-activate the terminal or session.",
    "region_applicability": null,
    "ai_scope": "AI_Access_Control",
    "ai_scope_reason": "Heuristic keyword match: access control"
  },
  {
    "regulation": "PCI DSS",
    "article_or_section": "8.3.1",
    "principle": "Access Control",
    "requirement": "All user access to system components for users and administrators is authenticated via at least one of the specified authentication factors.",
    "region_applicability": null,
    "ai_scope": "AI_Access_Control",
    "ai_scope_reason": "Heuristic keyword match: access control"
  },
  {
    "regulation": "PCI DSS",
    "article_or_section": "8.3.3",
    "principle": "Access Control",
    "requirement": "User identity is verified before modifying any authentication factor.",
    "region_applicability": null,
    "ai_scope": "AI_Access_Control",
    "ai_scope_reason": "Heuristic keyword match: access control"
  },
  {
    "regulation": "PCI DSS",
    "article_or_section": "8.3.5",
    "principle": "Access Control",
    "requirement": "If passwords/passphrases are used as authentication factors, they are set to a unique value for first-time use and upon reset, and forced to be changed immediately after the first use.",
    "region_applicability": null,
    "ai_scope": "AI_Access_Control",
    "ai_scope_reason": "Heuristic keyword match: access control"
  },
  {
    "regulation": "PCI DSS",
    "article_or_section": "8.3.7",
    "principle": "Access Control",
    "requirement": "Individuals are not allowed to submit a new password/passphrase that is the same as any of the last four passwords/passphrases used.",
    "region_applicability": null,
    "ai_scope": "AI_Access_Control",
    "ai_scope_reason": "Heuristic keyword match: access control"
  },
  {
    "regulation": "PCI DSS",
    "article_or_section": "8.3.9",
    "principle": "Security",
    "requirement": "If passwords/passphrases are used as the only authentication factor for user access, they must be changed at least once every 90 days, or the security posture of accounts must be dynamically analyzed.",
    "region_applicability": null,
    "ai_scope": "AI_Access_Control",
    "ai_scope_reason": "Heuristic keyword match: access control"
  },
  {
    "regulation": "PCI DSS",
    "article_or_section": "8.3.10",
    "principle": "Access Control",
    "requirement": "If passwords/passphrases are used as the only authentication factor for customer user access to cardholder data, guidance must be provided to customer users on when and under what circumstances passwords/passphrases are to be changed.",
    "region_applicability": null,
    "ai_scope": "AI_Access_Control",
    "ai_scope_reason": "Heuristic keyword match: access control"
  },
  {
    "regulation": "PCI DSS",
    "article_or_section": "8.3.10.1",
    "principle": "Access Control",
    "requirement": "If passwords/passphrases are used as the only authentication factor for customer user access, they must be changed at least once every 90 days, or the security posture of accounts must be dynamically analyzed.",
    "region_applicability": null,
    "ai_scope": "AI_Access_Control",
    "ai_scope_reason": "Heuristic keyword match: access control"
  },
  {
    "regulation": "PCI DSS",
    "article_or_section": "8.3.11.a",
    "principle": "Access Control",
    "requirement": "Examine authentication policies and procedures to verify that procedures for using authentication factors are defined and include all elements specified.",
    "region_applicability": null,
    "ai_scope": "AI_Access_Control",
    "ai_scope_reason": "Heuristic keyword match: access control"
  },
  {
    "regulation": "PCI DSS",
    "article_or_section": "8.3.11.b",
    "principle": "Access Control",
    "requirement": "Interview security personnel to verify authentication factors are assigned to an individual user and not shared among multiple users.",
    "region_applicability": null,
    "ai_scope": "AI_Access_Control",
    "ai_scope_reason": "Heuristic keyword match: access control"
  },
  {
    "regulation": "PCI DSS",
    "article_or_section": "8.3.11.c",
    "principle": "Access Control",
    "requirement": "Examine system configuration settings and/or observe physical controls to verify that controls are implemented to ensure only the intended user can use that factor to gain access.",
    "region_applicability": null,
    "ai_scope": "AI_Access_Control",
    "ai_scope_reason": "Heuristic keyword match: access control"
  },
  {
    "regulation": "PCI DSS",
    "article_or_section": "8.4.1",
    "principle": "Access Control",
    "requirement": "MFA is implemented for all non-console access into the CDE for personnel with administrative access.",
    "region_applicability": null,
    "ai_scope": "AI_Access_Control",
    "ai_scope_reason": "Heuristic keyword match: access control"
  },
  {
    "regulation": "PCI DSS",
    "article_or_section": "8.4.2",
    "principle": "Access Control",
    "requirement": "MFA is implemented for all non-console access into the CDE.",
    "region_applicability": null,
    "ai_scope": "AI_Access_Control",
    "ai_scope_reason": "Heuristic keyword match: access control"
  },
  {
    "regulation": "PCI DSS",
    "article_or_section": "8.4.3",
    "principle": "Access Control",
    "requirement": "MFA is implemented for all remote access originating from outside the entity\u2019s network that could access or impact the CDE.",
    "region_applicability": null,
    "ai_scope": "AI_Access_Control",
    "ai_scope_reason": "Heuristic keyword match: access control"
  },
  {
    "regulation": "PCI DSS",
    "article_or_section": "8.5.1",
    "principle": "Security",
    "requirement": "MFA systems are not susceptible to replay attacks and cannot be bypassed by any users unless specifically documented and authorized by management.",
    "region_applicability": null,
    "ai_scope": "AI_Access_Control",
    "ai_scope_reason": "Heuristic keyword match: access control"
  },
  {
    "regulation": "PCI DSS",
    "article_or_section": "8.6.1",
    "principle": "Access Control",
    "requirement": "Interactive use of accounts used by systems or applications is prevented unless needed for an exceptional circumstance, limited to the time needed, documented with business justification, explicitly approved by management, and individual user identity is confirmed before access is granted.",
    "region_applicability": null,
    "ai_scope": "AI_Access_Control",
    "ai_scope_reason": "Heuristic keyword match: access control"
  },
  {
    "regulation": "PCI DSS",
    "article_or_section": "8.6.2",
    "principle": "Security",
    "requirement": "Passwords/passphrases for any application and system accounts that can be used for interactive login are not hard coded in scripts, configuration/property files, or bespoke and custom source code.",
    "region_applicability": null,
    "ai_scope": "AI_Governance",
    "ai_scope_reason": "Heuristic keyword match: audit/governance"
  },
  {
    "regulation": "PCI DSS",
    "article_or_section": "9.1.2",
    "principle": "Governance and Accountability",
    "requirement": "Roles and responsibilities for performing activities in Requirement 9 are documented, assigned, and understood.",
    "region_applicability": null,
    "ai_scope": "AI_Access_Control",
    "ai_scope_reason": "Heuristic keyword match: access control"
  },
  {
    "regulation": "PCI DSS",
    "article_or_section": "9.2",
    "principle": "Access Control",
    "requirement": "Physical access controls manage entry into facilities and systems containing cardholder data.",
    "region_applicability": null,
    "ai_scope": "AI_Access_Control",
    "ai_scope_reason": "Heuristic keyword match: access control"
  },
  {
    "regulation": "PCI DSS",
    "article_or_section": "9.2.1",
    "principle": "Access Control",
    "requirement": "Appropriate facility entry controls are in place to restrict physical access to systems in the CDE.",
    "region_applicability": null,
    "ai_scope": "AI_Access_Control",
    "ai_scope_reason": "Heuristic keyword match: access control"
  },
  {
    "regulation": "PCI DSS",
    "article_or_section": "9.2.1.1",
    "principle": "Access Control",
    "requirement": "Individual physical access to sensitive areas within the CDE is monitored with either video cameras or physical access control mechanisms.",
    "region_applicability": null,
    "ai_scope": "AI_Access_Control",
    "ai_scope_reason": "Heuristic keyword match: access control"
  },
  {
    "regulation": "PCI DSS",
    "article_or_section": "9.2.2",
    "principle": "Access Control",
    "requirement": "Physical and/or logical controls are implemented to restrict use of publicly accessible network jacks within the facility.",
    "region_applicability": null,
    "ai_scope": "AI_Access_Control",
    "ai_scope_reason": "Heuristic keyword match: access control"
  },
  {
    "regulation": "PCI DSS",
    "article_or_section": "9.2.3",
    "principle": "Access Control",
    "requirement": "Physical access to wireless access points, gateways, networking/communications hardware, and telecommunication lines within the facility is restricted.",
    "region_applicability": null,
    "ai_scope": "AI_Access_Control",
    "ai_scope_reason": "Heuristic keyword match: access control"
  },
  {
    "regulation": "PCI DSS",
    "article_or_section": "9.2.4",
    "principle": "Access Control",
    "requirement": "Access to consoles in sensitive areas is restricted via locking when not in use.",
    "region_applicability": null,
    "ai_scope": "AI_Access_Control",
    "ai_scope_reason": "Heuristic keyword match: access control"
  },
  {
    "regulation": "PCI DSS",
    "article_or_section": "9.3.1",
    "principle": "Access Control",
    "requirement": "Procedures are implemented for authorizing and managing physical access of personnel to the CDE.",
    "region_applicability": null,
    "ai_scope": "AI_Access_Control",
    "ai_scope_reason": "Heuristic keyword match: access control"
  },
  {
    "regulation": "PCI DSS",
    "article_or_section": "9.3.1.1",
    "principle": "Access Control",
    "requirement": "Physical access to sensitive areas within the CDE for personnel is controlled.",
    "region_applicability": null,
    "ai_scope": "AI_Access_Control",
    "ai_scope_reason": "Heuristic keyword match: access control"
  },
  {
    "regulation": "PCI DSS",
    "article_or_section": "9.3.2",
    "principle": "Access Control",
    "requirement": "Procedures are implemented for authorizing and managing visitor access to the CDE.",
    "region_applicability": null,
    "ai_scope": "AI_Access_Control",
    "ai_scope_reason": "Heuristic keyword match: access control"
  },
  {
    "regulation": "PCI DSS",
    "article_or_section": "9.3.3",
    "principle": "Access Control",
    "requirement": "Visitor badges or identification are surrendered or deactivated before visitors leave the facility or at the date of expiration.",
    "region_applicability": null,
    "ai_scope": "AI_Access_Control",
    "ai_scope_reason": "Heuristic keyword match: access control"
  },
  {
    "regulation": "PCI DSS",
    "article_or_section": "9.3.4",
    "principle": "Retention",
    "requirement": "Visitor logs must be retained for at least three months, unless otherwise restricted by law.",
    "region_applicability": null,
    "ai_scope": "AI_Governance",
    "ai_scope_reason": "Heuristic keyword match: audit/governance"
  },
  {
    "regulation": "PCI DSS",
    "article_or_section": "9.4.3",
    "principle": "Security",
    "requirement": "Media with cardholder data sent outside the facility must be logged and sent by secured courier or other delivery method that can be accurately tracked.",
    "region_applicability": null,
    "ai_scope": "AI_Governance",
    "ai_scope_reason": "Heuristic keyword match: audit/governance"
  },
  {
    "regulation": "PCI DSS",
    "article_or_section": "9.4.4",
    "principle": "Access Control",
    "requirement": "Management must approve all media with cardholder data that is moved outside the facility.",
    "region_applicability": null,
    "ai_scope": "AI_Access_Control",
    "ai_scope_reason": "Heuristic keyword match: access control"
  },
  {
    "regulation": "PCI DSS",
    "article_or_section": "9.4.5",
    "principle": "Governance and Accountability",
    "requirement": "Inventory logs of all electronic media with cardholder data must be maintained.",
    "region_applicability": null,
    "ai_scope": "AI_Governance",
    "ai_scope_reason": "Heuristic keyword match: audit/governance"
  },
  {
    "regulation": "PCI DSS",
    "article_or_section": "9.5.1",
    "principle": "Security",
    "requirement": "POI devices that capture payment card data are protected from tampering and unauthorized substitution.",
    "region_applicability": null,
    "ai_scope": "AI_Access_Control",
    "ai_scope_reason": "Heuristic keyword match: access control"
  },
  {
    "regulation": "PCI DSS",
    "article_or_section": "9.5.1.1",
    "principle": "Access Control",
    "requirement": "An up-to-date list of POI devices is maintained, including make and model, location, and unique identification.",
    "region_applicability": null,
    "ai_scope": "AI_Access_Control",
    "ai_scope_reason": "Heuristic keyword match: access control"
  },
  {
    "regulation": "PCI DSS",
    "article_or_section": "9.5.1.2",
    "principle": "Security",
    "requirement": "POI device surfaces are periodically inspected to detect tampering and unauthorized substitution.",
    "region_applicability": null,
    "ai_scope": "AI_Access_Control",
    "ai_scope_reason": "Heuristic keyword match: access control"
  },
  {
    "regulation": "PCI DSS",
    "article_or_section": "10.1",
    "principle": "Governance and Accountability",
    "requirement": "Processes and mechanisms for logging and monitoring all access to system components and cardholder data are defined and understood.",
    "region_applicability": null,
    "ai_scope": "AI_Access_Control",
    "ai_scope_reason": "Heuristic keyword match: access control"
  },
  {
    "regulation": "PCI DSS",
    "article_or_section": "10.1.2",
    "principle": "Governance and Accountability",
    "requirement": "Roles and responsibilities for performing activities in Requirement 10 are documented, assigned, and understood.",
    "region_applicability": null,
    "ai_scope": "AI_Access_Control",
    "ai_scope_reason": "Heuristic keyword match: access control"
  },
  {
    "regulation": "PCI DSS",
    "article_or_section": "10.2",
    "principle": "Security",
    "requirement": "Audit logs are implemented to support the detection of anomalies and suspicious activity, and the forensic analysis of events.",
    "region_applicability": null,
    "ai_scope": "AI_Governance",
    "ai_scope_reason": "Heuristic keyword match: audit/governance"
  },
  {
    "regulation": "PCI DSS",
    "article_or_section": "10.2.1",
    "principle": "Security",
    "requirement": "Audit logs are enabled and active for all system components and cardholder data.",
    "region_applicability": null,
    "ai_scope": "AI_Governance",
    "ai_scope_reason": "Heuristic keyword match: audit/governance"
  },
  {
    "regulation": "PCI DSS",
    "article_or_section": "10.2.1.1",
    "principle": "Security",
    "requirement": "Audit logs capture all individual user access to cardholder data.",
    "region_applicability": null,
    "ai_scope": "AI_Access_Control",
    "ai_scope_reason": "Heuristic keyword match: access control"
  },
  {
    "regulation": "PCI DSS",
    "article_or_section": "10.2.1.2",
    "principle": "Security",
    "requirement": "Audit logs capture all actions taken by any individual with administrative access, including any interactive use of application or system accounts.",
    "region_applicability": null,
    "ai_scope": "AI_Access_Control",
    "ai_scope_reason": "Heuristic keyword match: access control"
  },
  {
    "regulation": "PCI DSS",
    "article_or_section": "10.2.1.3",
    "principle": "Security",
    "requirement": "Audit logs capture all access to audit logs.",
    "region_applicability": null,
    "ai_scope": "AI_Access_Control",
    "ai_scope_reason": "Heuristic keyword match: access control"
  },
  {
    "regulation": "PCI DSS",
    "article_or_section": "10.2.1.4",
    "principle": "Security",
    "requirement": "Audit logs capture all invalid logical access attempts.",
    "region_applicability": null,
    "ai_scope": "AI_Access_Control",
    "ai_scope_reason": "Heuristic keyword match: access control"
  },
  {
    "regulation": "PCI DSS",
    "article_or_section": "10.2.1.5",
    "principle": "Security",
    "requirement": "Audit logs capture all changes to identification and authentication credentials including, but not limited to: creation of new accounts, elevation of privileges, and all changes, additions, or deletions to accounts with administrative access.",
    "region_applicability": null,
    "ai_scope": "AI_Access_Control",
    "ai_scope_reason": "Heuristic keyword match: access control"
  },
  {
    "regulation": "PCI DSS",
    "article_or_section": "10.2.1.6",
    "principle": "Security",
    "requirement": "Audit logs capture all initialization of new audit logs, and all starting, stopping, or pausing of the existing audit logs.",
    "region_applicability": null,
    "ai_scope": "AI_Governance",
    "ai_scope_reason": "Heuristic keyword match: audit/governance"
  },
  {
    "regulation": "PCI DSS",
    "article_or_section": "10.2.1.7",
    "principle": "Security",
    "requirement": "Audit logs capture all creation and deletion of system-level objects.",
    "region_applicability": null,
    "ai_scope": "AI_Governance",
    "ai_scope_reason": "Heuristic keyword match: audit/governance"
  },
  {
    "regulation": "PCI DSS",
    "article_or_section": "10.2.2",
    "principle": "Security",
    "requirement": "Audit logs record user identification, type of event, date and time, success and failure indication, origination of event, and identity or name of affected data, system component, resource, or service for each auditable event.",
    "region_applicability": null,
    "ai_scope": "AI_Governance",
    "ai_scope_reason": "Heuristic keyword match: audit/governance"
  },
  {
    "regulation": "PCI DSS",
    "article_or_section": "10.3",
    "principle": "Security",
    "requirement": "Audit logs are protected from destruction and unauthorized modifications.",
    "region_applicability": null,
    "ai_scope": "AI_Access_Control",
    "ai_scope_reason": "Heuristic keyword match: access control"
  },
  {
    "regulation": "PCI DSS",
    "article_or_section": "10.3.1",
    "principle": "Access Control",
    "requirement": "Read access to audit logs files is limited to those with a job-related need.",
    "region_applicability": null,
    "ai_scope": "AI_Access_Control",
    "ai_scope_reason": "Heuristic keyword match: access control"
  },
  {
    "regulation": "PCI DSS",
    "article_or_section": "10.3.2",
    "principle": "Security",
    "requirement": "Audit log files are protected to prevent modifications by individuals.",
    "region_applicability": null,
    "ai_scope": "AI_Governance",
    "ai_scope_reason": "Heuristic keyword match: audit/governance"
  },
  {
    "regulation": "PCI DSS",
    "article_or_section": "10.3.3",
    "principle": "Retention",
    "requirement": "Audit log files, including those for external-facing technologies, are promptly backed up to a secure, central, internal log server(s) or other media that is difficult to modify.",
    "region_applicability": null,
    "ai_scope": "AI_Governance",
    "ai_scope_reason": "Heuristic keyword match: audit/governance"
  },
  {
    "regulation": "PCI DSS",
    "article_or_section": "10.3.4",
    "principle": "Security",
    "requirement": "File integrity monitoring or change-detection mechanisms is used on audit logs to ensure that existing log data cannot be changed without generating alerts.",
    "region_applicability": null,
    "ai_scope": "AI_Governance",
    "ai_scope_reason": "Heuristic keyword match: audit/governance"
  },
  {
    "regulation": "PCI DSS",
    "article_or_section": "10.4.1",
    "principle": "Governance and Accountability",
    "requirement": "The following audit logs are reviewed at least once daily: all security events, logs of all system components that store, process, or transmit CHD and/or SAD, logs of all critical system components, logs of all servers and system components that perform security functions.",
    "region_applicability": null,
    "ai_scope": "AI_Governance",
    "ai_scope_reason": "Heuristic keyword match: audit/governance"
  },
  {
    "regulation": "PCI DSS",
    "article_or_section": "10.4.1.1",
    "principle": "Governance and Accountability",
    "requirement": "Automated mechanisms are used to perform audit log reviews.",
    "region_applicability": null,
    "ai_scope": "AI_Governance",
    "ai_scope_reason": "Heuristic keyword match: audit/governance"
  },
  {
    "regulation": "PCI DSS",
    "article_or_section": "10.4.2",
    "principle": "Governance and Accountability",
    "requirement": "Logs of all other system components (those not specified in Requirement 10.4.1) are reviewed periodically.",
    "region_applicability": null,
    "ai_scope": "AI_Governance",
    "ai_scope_reason": "Heuristic keyword match: audit/governance"
  },
  {
    "regulation": "PCI DSS",
    "article_or_section": "10.5",
    "principle": "Retention",
    "requirement": "Audit log history is retained and available for analysis.",
    "region_applicability": null,
    "ai_scope": "AI_Governance",
    "ai_scope_reason": "Heuristic keyword match: audit/governance"
  },
  {
    "regulation": "PCI DSS",
    "article_or_section": "10.5.1",
    "principle": "Retention",
    "requirement": "Retain audit log history for at least 12 months, with at least the most recent three months immediately available for analysis.",
    "region_applicability": null,
    "ai_scope": "AI_Governance",
    "ai_scope_reason": "Heuristic keyword match: audit/governance"
  },
  {
    "regulation": "PCI DSS",
    "article_or_section": "10.6.1",
    "principle": "Security",
    "requirement": "System clocks and time are synchronized using time-synchronization technology.",
    "region_applicability": null,
    "ai_scope": "AI_Governance",
    "ai_scope_reason": "Heuristic keyword match: audit/governance"
  },
  {
    "regulation": "PCI DSS",
    "article_or_section": "10.6.3",
    "principle": "Access Control",
    "requirement": "Access to time data is restricted to only personnel with a business need, and any changes to time settings on critical systems are logged, monitored, and reviewed.",
    "region_applicability": null,
    "ai_scope": "AI_Access_Control",
    "ai_scope_reason": "Heuristic keyword match: access control"
  },
  {
    "regulation": "PCI DSS",
    "article_or_section": "11.1.2",
    "principle": "Governance and Accountability",
    "requirement": "Roles and responsibilities for performing activities in Requirement 11 must be documented, assigned, and understood.",
    "region_applicability": null,
    "ai_scope": "AI_Access_Control",
    "ai_scope_reason": "Heuristic keyword match: access control"
  },
  {
    "regulation": "PCI DSS",
    "article_or_section": "11.2.1",
    "principle": "Security",
    "requirement": "Authorized and unauthorized wireless access points must be managed, detected, and identified at least once every three months.",
    "region_applicability": null,
    "ai_scope": "AI_Access_Control",
    "ai_scope_reason": "Heuristic keyword match: access control"
  },
  {
    "regulation": "PCI DSS",
    "article_or_section": "11.2.2",
    "principle": "Security",
    "requirement": "An inventory of authorized wireless access points must be maintained, including a documented business justification.",
    "region_applicability": null,
    "ai_scope": "AI_Access_Control",
    "ai_scope_reason": "Heuristic keyword match: access control"
  },
  {
    "regulation": "PCI DSS",
    "article_or_section": "11.4.1",
    "principle": "Security",
    "requirement": "A penetration testing methodology is defined, documented, and implemented by the entity.",
    "region_applicability": null,
    "ai_scope": "AI_Governance",
    "ai_scope_reason": "Heuristic keyword match: audit/governance"
  },
  {
    "regulation": "PCI DSS",
    "article_or_section": "11.5.2",
    "principle": "Security",
    "requirement": "A change-detection mechanism must be deployed to alert personnel to unauthorized modification of critical files and to perform critical file comparisons at least once weekly.",
    "region_applicability": null,
    "ai_scope": "AI_Access_Control",
    "ai_scope_reason": "Heuristic keyword match: access control"
  },
  {
    "regulation": "PCI DSS",
    "article_or_section": "11.6",
    "principle": "Security",
    "requirement": "Unauthorized changes on payment pages must be detected and responded to.",
    "region_applicability": null,
    "ai_scope": "AI_Access_Control",
    "ai_scope_reason": "Heuristic keyword match: access control"
  },
  {
    "regulation": "PCI DSS",
    "article_or_section": "11.6.1",
    "principle": "Security",
    "requirement": "A change- and tamper-detection mechanism must be deployed to alert personnel to unauthorized modifications to security-impacting HTTP headers and script contents of payment pages.",
    "region_applicability": null,
    "ai_scope": "AI_Access_Control",
    "ai_scope_reason": "Heuristic keyword match: access control"
  },
  {
    "regulation": "PCI DSS",
    "article_or_section": "12.1.3",
    "principle": "Governance and Accountability",
    "requirement": "The security policy must clearly define information security roles and responsibilities for all personnel, who must be aware of and acknowledge their responsibilities.",
    "region_applicability": null,
    "ai_scope": "AI_Access_Control",
    "ai_scope_reason": "Heuristic keyword match: access control"
  },
  {
    "regulation": "PCI DSS",
    "article_or_section": "12.2",
    "principle": "Governance and Accountability",
    "requirement": "Acceptable use policies for end-user technologies are defined and implemented.",
    "region_applicability": null,
    "ai_scope": "AI_Governance",
    "ai_scope_reason": "Heuristic keyword match: audit/governance"
  },
  {
    "regulation": "PCI DSS",
    "article_or_section": "12.2.1",
    "principle": "Governance and Accountability",
    "requirement": "Acceptable use policies for end-user technologies are documented and implemented, including explicit approval by authorized parties.",
    "region_applicability": null,
    "ai_scope": "AI_Access_Control",
    "ai_scope_reason": "Heuristic keyword match: access control"
  },
  {
    "regulation": "PCI DSS",
    "article_or_section": "12.3.3",
    "principle": "Security",
    "requirement": "Cryptographic cipher suites and protocols in use are documented and reviewed at least once every 12 months, including an up-to-date inventory of all cryptographic cipher suites and protocols in use, active monitoring of industry trends, and documentation of a plan to respond to anticipated changes in cryptographic vulnerabilities.",
    "region_applicability": null,
    "ai_scope": "AI_Privacy_Control",
    "ai_scope_reason": "Heuristic keyword match: privacy/PII"
  },
  {
    "regulation": "PCI DSS",
    "article_or_section": "12.3.4",
    "principle": "Security",
    "requirement": "Hardware and software technologies in use are reviewed at least once every 12 months, including analysis that the technologies continue to receive security fixes from vendors, analysis that the technologies continue to support PCI DSS compliance, documentation of industry announcements, and documentation of a plan to remediate outdated technologies.",
    "region_applicability": null,
    "ai_scope": "AI_Governance",
    "ai_scope_reason": "Heuristic keyword match: audit/governance"
  },
  {
    "regulation": "PCI DSS",
    "article_or_section": "12.6.1",
    "principle": "Security",
    "requirement": "A formal security awareness program is implemented to make all personnel aware of the entity\u2019s information security policy and procedures, and their role in protecting the cardholder data.",
    "region_applicability": null,
    "ai_scope": "AI_Access_Control",
    "ai_scope_reason": "Heuristic keyword match: access control"
  },
  {
    "regulation": "PCI DSS",
    "article_or_section": "12.7.1",
    "principle": "Access Control",
    "requirement": "Potential personnel who will have access to the CDE are screened, within the constraints of local laws, prior to hire to minimize the risk of attacks from internal sources.",
    "region_applicability": null,
    "ai_scope": "AI_Access_Control",
    "ai_scope_reason": "Heuristic keyword match: access control"
  },
  {
    "regulation": "PCI DSS",
    "article_or_section": "12.8.4",
    "principle": "Governance and Accountability",
    "requirement": "Implement a program to monitor TPSPs\u2019 PCI DSS compliance status at least once every 12 months.",
    "region_applicability": null,
    "ai_scope": "AI_Governance",
    "ai_scope_reason": "Heuristic keyword match: audit/governance"
  },
  {
    "regulation": "PCI DSS",
    "article_or_section": "12.10.5",
    "principle": "Security",
    "requirement": "The security incident response plan includes monitoring and responding to alerts from security monitoring systems.",
    "region_applicability": null,
    "ai_scope": "AI_Governance",
    "ai_scope_reason": "Heuristic keyword match: audit/governance"
  },
  {
    "regulation": "PCI DSS",
    "article_or_section": "12.10.7",
    "principle": "Access Control",
    "requirement": "Incident response procedures are in place to be initiated upon the detection of stored PAN anywhere it is not expected.",
    "region_applicability": null,
    "ai_scope": "AI_Access_Control",
    "ai_scope_reason": "Heuristic keyword match: access control"
  },
  {
    "regulation": "PCI DSS",
    "article_or_section": "A1.1",
    "principle": "Access Control",
    "requirement": "Multi-tenant service providers protect and separate all customer environments and data.",
    "region_applicability": null,
    "ai_scope": "AI_Access_Control",
    "ai_scope_reason": "Heuristic keyword match: access control"
  },
  {
    "regulation": "PCI DSS",
    "article_or_section": "A1.1.1",
    "principle": "Access Control",
    "requirement": "Logical separation is implemented such that the provider cannot access its customers\u2019 environments without authorization.",
    "region_applicability": null,
    "ai_scope": "AI_Access_Control",
    "ai_scope_reason": "Heuristic keyword match: access control"
  },
  {
    "regulation": "PCI DSS",
    "article_or_section": "A1.1.2",
    "principle": "Access Control",
    "requirement": "Controls are implemented such that each customer only has permission to access its own cardholder data and CDE.",
    "region_applicability": null,
    "ai_scope": "AI_Access_Control",
    "ai_scope_reason": "Heuristic keyword match: access control"
  },
  {
    "regulation": "PCI DSS",
    "article_or_section": "A1.1.3",
    "principle": "Access Control",
    "requirement": "Controls are implemented such that each customer can only access resources allocated to them.",
    "region_applicability": null,
    "ai_scope": "AI_Access_Control",
    "ai_scope_reason": "Heuristic keyword match: access control"
  },
  {
    "regulation": "PCI DSS",
    "article_or_section": "A1.1.4",
    "principle": "Security",
    "requirement": "The effectiveness of logical separation controls used to separate customer environments is confirmed at least once every six months via penetration testing.",
    "region_applicability": null,
    "ai_scope": "AI_Governance",
    "ai_scope_reason": "Heuristic keyword match: audit/governance"
  },
  {
    "regulation": "PCI DSS",
    "article_or_section": "A1.2.1",
    "principle": "Access Control",
    "requirement": "Audit log capability is enabled for each customer\u2019s environment that is consistent with PCI DSS Requirement 10.",
    "region_applicability": null,
    "ai_scope": "AI_Access_Control",
    "ai_scope_reason": "Heuristic keyword match: access control"
  },
  {
    "regulation": "PCI DSS",
    "article_or_section": "A3.1.2",
    "principle": "Governance and Accountability",
    "requirement": "A formal PCI DSS compliance program must be in place that includes defined activities for maintaining and monitoring overall PCI DSS compliance.",
    "region_applicability": null,
    "ai_scope": "AI_Governance",
    "ai_scope_reason": "Heuristic keyword match: audit/governance"
  },
  {
    "regulation": "PCI DSS",
    "article_or_section": "A3.1.3",
    "principle": "Governance and Accountability",
    "requirement": "PCI DSS compliance roles and responsibilities must be specifically defined and formally assigned to personnel.",
    "region_applicability": null,
    "ai_scope": "AI_Access_Control",
    "ai_scope_reason": "Heuristic keyword match: access control"
  },
  {
    "regulation": "PCI DSS",
    "article_or_section": "A3.2.5",
    "principle": "Data Minimization",
    "requirement": "A data-discovery methodology is implemented that locates all sources and locations of cleartext PAN at least once every three months and upon significant changes to the CDE or processes.",
    "region_applicability": null,
    "ai_scope": "AI_Governance",
    "ai_scope_reason": "Heuristic keyword match: audit/governance"
  },
  {
    "regulation": "PCI DSS",
    "article_or_section": "A3.2.6",
    "principle": "Security",
    "requirement": "Mechanisms are implemented for detecting and preventing cleartext PAN from leaving the CDE via an unauthorized channel, method, or process.",
    "region_applicability": null,
    "ai_scope": "AI_Access_Control",
    "ai_scope_reason": "Heuristic keyword match: access control"
  },
  {
    "regulation": "PCI DSS",
    "article_or_section": "A3.2.6.1",
    "principle": "Security",
    "requirement": "Response procedures are implemented to be initiated upon the detection of attempts to remove cleartext PAN from the CDE via an unauthorized channel, method, or process.",
    "region_applicability": null,
    "ai_scope": "AI_Access_Control",
    "ai_scope_reason": "Heuristic keyword match: access control"
  },
  {
    "regulation": "PCI DSS",
    "article_or_section": "A3.3.2",
    "principle": "Governance and Accountability",
    "requirement": "Hardware and software technologies are reviewed at least once every 12 months to confirm whether they continue to meet the organization\u2019s PCI DSS requirements.",
    "region_applicability": null,
    "ai_scope": "AI_Governance",
    "ai_scope_reason": "Heuristic keyword match: audit/governance"
  },
  {
    "regulation": "PCI DSS",
    "article_or_section": "A3.4.1",
    "principle": "Access Control",
    "requirement": "User accounts and access privileges to in-scope system components are reviewed at least once every six months.",
    "region_applicability": null,
    "ai_scope": "AI_Access_Control",
    "ai_scope_reason": "Heuristic keyword match: access control"
  },
  {
    "regulation": "PCI DSS",
    "article_or_section": "A3.5.1",
    "principle": "Security",
    "requirement": "A methodology is implemented for the prompt identification of attack patterns and undesirable behavior across systems.",
    "region_applicability": null,
    "ai_scope": "AI_Governance",
    "ai_scope_reason": "Heuristic keyword match: audit/governance"
  },
  {
    "regulation": "PCI DSS",
    "article_or_section": "Requirement 12.3.2",
    "principle": "Governance and Accountability",
    "requirement": "Monitor and maintain evidence about the effectiveness of each customized control.",
    "region_applicability": null,
    "ai_scope": "AI_Governance",
    "ai_scope_reason": "Heuristic keyword match: audit/governance"
  },
  {
    "regulation": "PCI DSS",
    "article_or_section": null,
    "principle": "Security",
    "requirement": "Implement a firewall to protect network resources from unauthorized access.",
    "region_applicability": null,
    "ai_scope": "AI_Access_Control",
    "ai_scope_reason": "Heuristic keyword match: access control"
  },
  {
    "regulation": "PCI DSS",
    "article_or_section": null,
    "principle": "Access Control",
    "requirement": "Implement strong access control measures to restrict access to cardholder data.",
    "region_applicability": null,
    "ai_scope": "AI_Access_Control",
    "ai_scope_reason": "Heuristic keyword match: access control"
  },
  {
    "regulation": "PCI DSS",
    "article_or_section": null,
    "principle": "Governance and Accountability",
    "requirement": "Maintain an audit log to provide a verifiable trail of system activities.",
    "region_applicability": null,
    "ai_scope": "AI_Governance",
    "ai_scope_reason": "Heuristic keyword match: audit/governance"
  },
  {
    "regulation": "PCI DSS",
    "article_or_section": "\u00a75.3",
    "principle": "Access Control",
    "requirement": "Implement logical access control mechanisms that limit the availability of information or information-processing resources only to authorized persons or applications.",
    "region_applicability": null,
    "ai_scope": "AI_Access_Control",
    "ai_scope_reason": "Heuristic keyword match: access control"
  },
  {
    "regulation": "PCI DSS",
    "article_or_section": "\u00a75.3",
    "principle": "Security",
    "requirement": "Implement multi-factor authentication for user access.",
    "region_applicability": null,
    "ai_scope": "AI_Access_Control",
    "ai_scope_reason": "Heuristic keyword match: access control"
  },
  {
    "regulation": "PCI DSS",
    "article_or_section": null,
    "principle": "Access Control",
    "requirement": "Use tokens for dynamic or multi-factor authentication.",
    "region_applicability": null,
    "ai_scope": "AI_Access_Control",
    "ai_scope_reason": "Heuristic keyword match: access control"
  },
  {
    "regulation": "PCI DSS",
    "article_or_section": "Best Practices",
    "principle": "Security",
    "requirement": "Entities must ensure that all failures in security controls are detected and responded to promptly.",
    "region_applicability": null,
    "ai_scope": "General_Governance",
    "ai_scope_reason": "LLM disabled \u2014 heuristic fallback",
    "ai_filter_reason": "heuristic keyword match"
  },
  {
    "regulation": "PCI DSS",
    "article_or_section": "8",
    "principle": "Security",
    "requirement": "Entities must document any compensating controls implemented due to a legitimate and documented technical or business constraint.",
    "region_applicability": null,
    "ai_scope": "General_Governance",
    "ai_scope_reason": "LLM disabled \u2014 heuristic fallback",
    "ai_filter_reason": "heuristic keyword match"
  },
  {
    "regulation": "PCI DSS",
    "article_or_section": "1.2.1",
    "principle": "Security",
    "requirement": "Configuration standards for NSC rulesets are defined, implemented, and maintained.",
    "region_applicability": null,
    "ai_scope": "General_Governance",
    "ai_scope_reason": "LLM disabled \u2014 heuristic fallback",
    "ai_filter_reason": "heuristic keyword match"
  },
  {
    "regulation": "PCI DSS",
    "article_or_section": "1.2.3",
    "principle": "Governance and Accountability",
    "requirement": "An accurate network diagram(s) is maintained that shows all connections between the CDE and other networks, including any wireless networks.",
    "region_applicability": null,
    "ai_scope": "General_Governance",
    "ai_scope_reason": "LLM disabled \u2014 heuristic fallback",
    "ai_filter_reason": "heuristic keyword match"
  },
  {
    "regulation": "PCI DSS",
    "article_or_section": "1.2.4",
    "principle": "Governance and Accountability",
    "requirement": "An accurate data-flow diagram(s) is maintained that shows all account data flows across systems and networks and is updated as needed upon changes to the environment.",
    "region_applicability": null,
    "ai_scope": "General_Governance",
    "ai_scope_reason": "LLM disabled \u2014 heuristic fallback",
    "ai_filter_reason": "heuristic keyword match"
  },
  {
    "regulation": "PCI DSS",
    "article_or_section": "2.2.1",
    "principle": "Security",
    "requirement": "Configuration standards are developed, implemented, and maintained to cover all system components, address all known security vulnerabilities, be consistent with industry-accepted system hardening standards or vendor hardening recommendations, be updated as new vulnerability issues are identified, and be applied when new systems are configured.",
    "region_applicability": null,
    "ai_scope": "General_Governance",
    "ai_scope_reason": "LLM disabled \u2014 heuristic fallback",
    "ai_filter_reason": "heuristic keyword match"
  },
  {
    "regulation": "PCI DSS",
    "article_or_section": "4.2.1.1",
    "principle": "Security",
    "requirement": "An inventory of the entity\u2019s trusted keys and certificates used to protect PAN during transmission is maintained.",
    "region_applicability": null,
    "ai_scope": "General_Governance",
    "ai_scope_reason": "LLM disabled \u2014 heuristic fallback",
    "ai_filter_reason": "heuristic keyword match"
  },
  {
    "regulation": "PCI DSS",
    "article_or_section": "5.2.2",
    "principle": "Security",
    "requirement": "The deployed anti-malware solution(s) detects all known types of malware and removes, blocks, or contains all known types of malware.",
    "region_applicability": null,
    "ai_scope": "General_Governance",
    "ai_scope_reason": "LLM disabled \u2014 heuristic fallback",
    "ai_filter_reason": "heuristic keyword match"
  },
  {
    "regulation": "PCI DSS",
    "article_or_section": "6.2.2",
    "principle": "Security",
    "requirement": "Software development personnel working on bespoke and custom software are trained at least once every 12 months on software security relevant to their job function and development languages, including secure software design and secure coding techniques.",
    "region_applicability": null,
    "ai_scope": "General_Governance",
    "ai_scope_reason": "LLM disabled \u2014 heuristic fallback",
    "ai_filter_reason": "heuristic keyword match"
  },
  {
    "regulation": "PCI DSS",
    "article_or_section": "6.3.2",
    "principle": "Governance and Accountability",
    "requirement": "An inventory of bespoke and custom software, and third-party software components incorporated into bespoke and custom software must be maintained to facilitate vulnerability and patch management.",
    "region_applicability": null,
    "ai_scope": "General_Governance",
    "ai_scope_reason": "LLM disabled \u2014 heuristic fallback",
    "ai_filter_reason": "heuristic keyword match"
  },
  {
    "regulation": "PCI DSS",
    "article_or_section": "6.4.3",
    "principle": "Security",
    "requirement": "An inventory of all payment page scripts is maintained with written business or technical justification.",
    "region_applicability": null,
    "ai_scope": "General_Governance",
    "ai_scope_reason": "LLM disabled \u2014 heuristic fallback",
    "ai_filter_reason": "heuristic keyword match"
  },
  {
    "regulation": "PCI DSS",
    "article_or_section": "8.3.6",
    "principle": "Security",
    "requirement": "User password/passphrase complexity parameters must be set to a minimum length of 12 characters or 8 characters if the system does not support 12 characters, and must contain both numeric and alphabetic characters.",
    "region_applicability": null,
    "ai_scope": "General_Governance",
    "ai_scope_reason": "LLM disabled \u2014 heuristic fallback",
    "ai_filter_reason": "heuristic keyword match"
  },
  {
    "regulation": "PCI DSS",
    "article_or_section": "9.5.1.3",
    "principle": "Security",
    "requirement": "Training is provided for personnel in POI environments to be aware of attempted tampering or replacement of POI devices.",
    "region_applicability": null,
    "ai_scope": "General_Governance",
    "ai_scope_reason": "LLM disabled \u2014 heuristic fallback",
    "ai_filter_reason": "heuristic keyword match"
  },
  {
    "regulation": "PCI DSS",
    "article_or_section": "10.7.2",
    "principle": "Security",
    "requirement": "Failures of critical security control systems are detected, alerted, and addressed promptly.",
    "region_applicability": null,
    "ai_scope": "General_Governance",
    "ai_scope_reason": "LLM disabled \u2014 heuristic fallback",
    "ai_filter_reason": "heuristic keyword match"
  },
  {
    "regulation": "PCI DSS",
    "article_or_section": "10.7.3",
    "principle": "Governance and Accountability",
    "requirement": "Failures of any critical security control systems are responded to promptly, including restoring security functions and documenting the duration and cause of the failure.",
    "region_applicability": null,
    "ai_scope": "General_Governance",
    "ai_scope_reason": "LLM disabled \u2014 heuristic fallback",
    "ai_filter_reason": "heuristic keyword match"
  },
  {
    "regulation": "PCI DSS",
    "article_or_section": "12.1",
    "principle": "Governance and Accountability",
    "requirement": "A comprehensive information security policy must be established, published, maintained, and disseminated to all relevant personnel.",
    "region_applicability": null,
    "ai_scope": "General_Governance",
    "ai_scope_reason": "LLM disabled \u2014 heuristic fallback",
    "ai_filter_reason": "heuristic keyword match"
  },
  {
    "regulation": "PCI DSS",
    "article_or_section": "12.3.2",
    "principle": "Security",
    "requirement": "A targeted risk analysis is performed for each PCI DSS requirement that the entity meets with the customized approach, including documented evidence detailing each element specified in Appendix D, approval of documented evidence by senior management, and performance of the targeted analysis of risk at least once every 12 months.",
    "region_applicability": null,
    "ai_scope": "General_Governance",
    "ai_scope_reason": "LLM disabled \u2014 heuristic fallback",
    "ai_filter_reason": "heuristic keyword match"
  },
  {
    "regulation": "PCI DSS",
    "article_or_section": "12.5.1",
    "principle": "Governance and Accountability",
    "requirement": "An inventory of system components that are in scope for PCI DSS, including a description of function/use, is maintained and kept current.",
    "region_applicability": null,
    "ai_scope": "General_Governance",
    "ai_scope_reason": "LLM disabled \u2014 heuristic fallback",
    "ai_filter_reason": "heuristic keyword match"
  },
  {
    "regulation": "PCI DSS",
    "article_or_section": "12.6.3",
    "principle": "Security",
    "requirement": "Personnel receive security awareness training upon hire and at least once every 12 months, using multiple methods of communication, and personnel acknowledge at least once every 12 months that they have read and understood the information security policy and procedures.",
    "region_applicability": null,
    "ai_scope": "General_Governance",
    "ai_scope_reason": "LLM disabled \u2014 heuristic fallback",
    "ai_filter_reason": "heuristic keyword match"
  },
  {
    "regulation": "PCI DSS",
    "article_or_section": "12.8.1",
    "principle": "Governance and Accountability",
    "requirement": "Maintain a list of all third-party service providers (TPSPs) with which account data is shared or that could affect the security of account data, including a description for each of the services provided.",
    "region_applicability": null,
    "ai_scope": "General_Governance",
    "ai_scope_reason": "LLM disabled \u2014 heuristic fallback",
    "ai_filter_reason": "heuristic keyword match"
  },
  {
    "regulation": "PCI DSS",
    "article_or_section": "12.8.2",
    "principle": "Governance and Accountability",
    "requirement": "Maintain written agreements with all TPSPs with which account data is shared or that could affect the security of the cardholder data environment (CDE).",
    "region_applicability": null,
    "ai_scope": "General_Governance",
    "ai_scope_reason": "LLM disabled \u2014 heuristic fallback",
    "ai_filter_reason": "heuristic keyword match"
  },
  {
    "regulation": "PCI DSS",
    "article_or_section": "12.8.5",
    "principle": "Governance and Accountability",
    "requirement": "Maintain information about which PCI DSS requirements are managed by each TPSP, which are managed by the entity, and any that are shared between both.",
    "region_applicability": null,
    "ai_scope": "General_Governance",
    "ai_scope_reason": "LLM disabled \u2014 heuristic fallback",
    "ai_filter_reason": "heuristic keyword match"
  },
  {
    "regulation": "PCI DSS",
    "article_or_section": "12.10.3",
    "principle": "Security",
    "requirement": "Specific personnel are designated to be available on a 24/7 basis to respond to suspected or confirmed security incidents.",
    "region_applicability": null,
    "ai_scope": "General_Governance",
    "ai_scope_reason": "LLM disabled \u2014 heuristic fallback",
    "ai_filter_reason": "heuristic keyword match"
  },
  {
    "regulation": "PCI DSS",
    "article_or_section": "12.10.4",
    "principle": "Security",
    "requirement": "Personnel responsible for responding to suspected and confirmed security incidents are appropriately and periodically trained on their incident response responsibilities.",
    "region_applicability": null,
    "ai_scope": "General_Governance",
    "ai_scope_reason": "LLM disabled \u2014 heuristic fallback",
    "ai_filter_reason": "heuristic keyword match"
  },
  {
    "regulation": "PCI DSS",
    "article_or_section": "12.10.4.1",
    "principle": "Security",
    "requirement": "The frequency of periodic training for incident response personnel is defined in the entity\u2019s targeted risk analysis.",
    "region_applicability": null,
    "ai_scope": "General_Governance",
    "ai_scope_reason": "LLM disabled \u2014 heuristic fallback",
    "ai_filter_reason": "heuristic keyword match"
  },
  {
    "regulation": "PCI DSS",
    "article_or_section": "A3.1.1",
    "principle": "Governance and Accountability",
    "requirement": "Executive management must assign overall accountability for maintaining PCI DSS compliance.",
    "region_applicability": null,
    "ai_scope": "General_Governance",
    "ai_scope_reason": "LLM disabled \u2014 heuristic fallback",
    "ai_filter_reason": "heuristic keyword match"
  },
  {
    "regulation": "PCI DSS",
    "article_or_section": "A3.1.4",
    "principle": "Governance and Accountability",
    "requirement": "Up-to-date PCI DSS and/or information security training must be provided at least once every 12 months to personnel with PCI DSS compliance responsibilities.",
    "region_applicability": null,
    "ai_scope": "General_Governance",
    "ai_scope_reason": "LLM disabled \u2014 heuristic fallback",
    "ai_filter_reason": "heuristic keyword match"
  },
  {
    "regulation": "PCI DSS",
    "article_or_section": "A3.2",
    "principle": "Governance and Accountability",
    "requirement": "PCI DSS scope must be documented and validated frequently to ensure it remains up to date.",
    "region_applicability": null,
    "ai_scope": "General_Governance",
    "ai_scope_reason": "LLM disabled \u2014 heuristic fallback",
    "ai_filter_reason": "heuristic keyword match"
  },
  {
    "regulation": "PCI DSS",
    "article_or_section": "A3.3.1",
    "principle": "Governance and Accountability",
    "requirement": "Failures of critical security control systems are detected, alerted, and addressed promptly.",
    "region_applicability": null,
    "ai_scope": "General_Governance",
    "ai_scope_reason": "LLM disabled \u2014 heuristic fallback",
    "ai_filter_reason": "heuristic keyword match"
  },
  {
    "regulation": "PCI DSS",
    "article_or_section": "A3.3.1.1",
    "principle": "Governance and Accountability",
    "requirement": "Processes for responding to failures in security control systems include restoring security functions and documenting the duration and cause of the failure.",
    "region_applicability": null,
    "ai_scope": "General_Governance",
    "ai_scope_reason": "LLM disabled \u2014 heuristic fallback",
    "ai_filter_reason": "heuristic keyword match"
  },
  {
    "regulation": "PCI DSS",
    "article_or_section": "Requirement 6.2",
    "principle": "Governance and Accountability",
    "requirement": "Engage a Secure SLC Assessor to assess software lifecycle management practices against the Secure SLC Standard.",
    "region_applicability": null,
    "ai_scope": "General_Governance",
    "ai_scope_reason": "LLM disabled \u2014 heuristic fallback",
    "ai_filter_reason": "heuristic keyword match"
  }
]