[
  {
    "regulation": "HIPAA",
    "article_or_section": "General Principle for Uses and Disclosures",
    "principle": "Privacy",
    "requirement": "Covered entities may not use or disclose protected health information except as permitted by the Privacy Rule or as authorized by the individual.",
    "region_applicability": "United States",
    "ai_scope": "AI_Privacy_Control",
    "ai_scope_reason": "Heuristic keyword match: privacy/PII"
  },
  {
    "regulation": "HIPAA",
    "article_or_section": "Required Disclosures",
    "principle": "Access Control",
    "requirement": "Disclose protected health information to individuals when they request access to their information.",
    "region_applicability": "United States",
    "ai_scope": "AI_Access_Control",
    "ai_scope_reason": "Heuristic keyword match: access control"
  },
  {
    "regulation": "HIPAA",
    "article_or_section": "OCR Privacy Rule Summary",
    "principle": "Privacy",
    "requirement": "Obtain written authorization from individuals for any use or disclosure of protected health information that is not for treatment, payment, or health care operations.",
    "region_applicability": null,
    "ai_scope": "AI_Privacy_Control",
    "ai_scope_reason": "Heuristic keyword match: privacy/PII"
  },
  {
    "regulation": "HIPAA",
    "article_or_section": "OCR Privacy Rule Summary",
    "principle": "Access Control",
    "requirement": "Covered entities may disclose protected health information to the individual who is the subject of the information.",
    "region_applicability": null,
    "ai_scope": "AI_Access_Control",
    "ai_scope_reason": "Heuristic keyword match: access control"
  },
  {
    "regulation": "HIPAA",
    "article_or_section": "OCR Privacy Rule Summary",
    "principle": "Governance and Accountability",
    "requirement": "Implement policies and procedures to ensure compliance with the privacy rule.",
    "region_applicability": null,
    "ai_scope": "AI_Privacy_Control",
    "ai_scope_reason": "Heuristic keyword match: privacy/PII"
  },
  {
    "regulation": "HIPAA",
    "article_or_section": "Access and Uses",
    "principle": "Access Control",
    "requirement": "A covered entity must develop and implement policies and procedures that restrict access and uses of protected health information based on the specific roles of the members of their workforce.",
    "region_applicability": null,
    "ai_scope": "AI_Access_Control",
    "ai_scope_reason": "Heuristic keyword match: access control"
  },
  {
    "regulation": "HIPAA",
    "article_or_section": "Privacy Practices Notice",
    "principle": "Privacy",
    "requirement": "Each covered entity must provide a notice of its privacy practices that describes the ways in which it may use and disclose protected health information.",
    "region_applicability": null,
    "ai_scope": "AI_Privacy_Control",
    "ai_scope_reason": "Heuristic keyword match: privacy/PII"
  },
  {
    "regulation": "HIPAA",
    "article_or_section": "Notice Distribution",
    "principle": "Governance and Accountability",
    "requirement": "A covered health care provider must deliver a privacy practices notice to patients not later than the first service encounter.",
    "region_applicability": null,
    "ai_scope": "AI_Privacy_Control",
    "ai_scope_reason": "Heuristic keyword match: privacy/PII"
  },
  {
    "regulation": "HIPAA",
    "article_or_section": "Acknowledgement of Notice Receipt",
    "principle": "Governance and Accountability",
    "requirement": "A covered health care provider must make a good faith effort to obtain written acknowledgement from patients of receipt of the privacy practices notice.",
    "region_applicability": null,
    "ai_scope": "AI_Privacy_Control",
    "ai_scope_reason": "Heuristic keyword match: privacy/PII"
  },
  {
    "regulation": "HIPAA",
    "article_or_section": "Access",
    "principle": "Access Control",
    "requirement": "Individuals have the right to review and obtain a copy of their protected health information in a covered entity\u2019s designated record set.",
    "region_applicability": null,
    "ai_scope": "AI_Access_Control",
    "ai_scope_reason": "Heuristic keyword match: access control"
  },
  {
    "regulation": "HIPAA",
    "article_or_section": "Amendment",
    "principle": "Privacy",
    "requirement": "Individuals have the right to have covered entities amend their protected health information in a designated record set when that information is inaccurate or incomplete.",
    "region_applicability": null,
    "ai_scope": "AI_Privacy_Control",
    "ai_scope_reason": "Heuristic keyword match: privacy/PII"
  },
  {
    "regulation": "HIPAA",
    "article_or_section": "Disclosure Accounting",
    "principle": "Privacy",
    "requirement": "Individuals have a right to an accounting of the disclosures of their protected health information by a covered entity.",
    "region_applicability": null,
    "ai_scope": "AI_Privacy_Control",
    "ai_scope_reason": "Heuristic keyword match: privacy/PII"
  },
  {
    "regulation": "HIPAA",
    "article_or_section": "Restriction Request",
    "principle": "Privacy",
    "requirement": "Individuals have the right to request that a covered entity restrict use or disclosure of protected health information.",
    "region_applicability": null,
    "ai_scope": "AI_Privacy_Control",
    "ai_scope_reason": "Heuristic keyword match: privacy/PII"
  },
  {
    "regulation": "HIPAA",
    "article_or_section": "Confidential Communications Requirements",
    "principle": "Privacy",
    "requirement": "Health plans and covered health care providers must permit individuals to request an alternative means or location for receiving communications of protected health information.",
    "region_applicability": null,
    "ai_scope": "AI_Privacy_Control",
    "ai_scope_reason": "Heuristic keyword match: privacy/PII"
  },
  {
    "regulation": "HIPAA",
    "article_or_section": "64",
    "principle": "Privacy",
    "requirement": "A covered entity must develop and implement written privacy policies and procedures that are consistent with the Privacy Rule.",
    "region_applicability": null,
    "ai_scope": "AI_Privacy_Control",
    "ai_scope_reason": "Heuristic keyword match: privacy/PII"
  },
  {
    "regulation": "HIPAA",
    "article_or_section": "65",
    "principle": "Governance and Accountability",
    "requirement": "A covered entity must designate a privacy official responsible for developing and implementing its privacy policies and procedures.",
    "region_applicability": null,
    "ai_scope": "AI_Privacy_Control",
    "ai_scope_reason": "Heuristic keyword match: privacy/PII"
  },
  {
    "regulation": "HIPAA",
    "article_or_section": "67",
    "principle": "Governance and Accountability",
    "requirement": "A covered entity must train all workforce members on its privacy policies and procedures, as necessary and appropriate for them to carry out their functions.",
    "region_applicability": null,
    "ai_scope": "AI_Privacy_Control",
    "ai_scope_reason": "Heuristic keyword match: privacy/PII"
  },
  {
    "regulation": "HIPAA",
    "article_or_section": "68",
    "principle": "Governance and Accountability",
    "requirement": "A covered entity must have and apply appropriate sanctions against workforce members who violate its privacy policies and procedures or the Privacy Rule.",
    "region_applicability": null,
    "ai_scope": "AI_Privacy_Control",
    "ai_scope_reason": "Heuristic keyword match: privacy/PII"
  },
  {
    "regulation": "HIPAA",
    "article_or_section": "69",
    "principle": "Governance and Accountability",
    "requirement": "A covered entity must mitigate, to the extent practicable, any harmful effect it learns was caused by use or disclosure of protected health information by its workforce or its business associates in violation of its privacy policies and procedures or the Privacy Rule.",
    "region_applicability": null,
    "ai_scope": "AI_Privacy_Control",
    "ai_scope_reason": "Heuristic keyword match: privacy/PII"
  },
  {
    "regulation": "HIPAA",
    "article_or_section": "70",
    "principle": "Security",
    "requirement": "A covered entity must maintain reasonable and appropriate administrative, technical, and physical safeguards to prevent intentional or unintentional use or disclosure of protected health information in violation of the Privacy Rule.",
    "region_applicability": null,
    "ai_scope": "AI_Privacy_Control",
    "ai_scope_reason": "Heuristic keyword match: privacy/PII"
  },
  {
    "regulation": "HIPAA",
    "article_or_section": "71",
    "principle": "Privacy",
    "requirement": "A covered entity must have procedures for individuals to complain about its compliance with its privacy policies and procedures and the Privacy Rule.",
    "region_applicability": null,
    "ai_scope": "AI_Privacy_Control",
    "ai_scope_reason": "Heuristic keyword match: privacy/PII"
  },
  {
    "regulation": "HIPAA",
    "article_or_section": "73",
    "principle": "Privacy",
    "requirement": "A covered entity may not retaliate against a person for exercising rights provided by the Privacy Rule.",
    "region_applicability": null,
    "ai_scope": "AI_Privacy_Control",
    "ai_scope_reason": "Heuristic keyword match: privacy/PII"
  },
  {
    "regulation": "HIPAA",
    "article_or_section": "74",
    "principle": "Privacy",
    "requirement": "A covered entity may not require an individual to waive any right under the Privacy Rule as a condition for obtaining treatment, payment, and enrollment or benefits eligibility.",
    "region_applicability": null,
    "ai_scope": "AI_Privacy_Control",
    "ai_scope_reason": "Heuristic keyword match: privacy/PII"
  },
  {
    "regulation": "HIPAA",
    "article_or_section": "75",
    "principle": "Retention",
    "requirement": "A covered entity must maintain its privacy policies and procedures, privacy practices notices, disposition of complaints, and other actions, activities, and designations required by the Privacy Rule for six years after the later of the date of their creation or last effective date.",
    "region_applicability": null,
    "ai_scope": "AI_Privacy_Control",
    "ai_scope_reason": "Heuristic keyword match: privacy/PII"
  },
  {
    "regulation": "HIPAA",
    "article_or_section": "45 C.F.R. \u00a7 164.514(b)",
    "principle": "Data Minimization",
    "requirement": "Remove specified identifiers to achieve de-identification of protected health information.",
    "region_applicability": "United States",
    "ai_scope": "AI_Privacy_Control",
    "ai_scope_reason": "Heuristic keyword match: privacy/PII"
  },
  {
    "regulation": "HIPAA",
    "article_or_section": "45 C.F.R. \u00a7 164.502(a)",
    "principle": "Privacy",
    "requirement": "Limit uses and disclosures of protected health information to the minimum necessary to accomplish the intended purpose.",
    "region_applicability": "United States",
    "ai_scope": "AI_Privacy_Control",
    "ai_scope_reason": "Heuristic keyword match: privacy/PII"
  },
  {
    "regulation": "HIPAA",
    "article_or_section": "45 C.F.R. \u00a7 164.524",
    "principle": "Access Control",
    "requirement": "Provide individuals the right to access their protected health information, with specified exceptions.",
    "region_applicability": "United States",
    "ai_scope": "AI_Access_Control",
    "ai_scope_reason": "Heuristic keyword match: access control"
  },
  {
    "regulation": "HIPAA",
    "article_or_section": "45 C.F.R. \u00a7 164.526",
    "principle": "Access Control",
    "requirement": "Allow individuals to request amendments to their protected health information under specified circumstances.",
    "region_applicability": "United States",
    "ai_scope": "AI_Access_Control",
    "ai_scope_reason": "Heuristic keyword match: access control"
  },
  {
    "regulation": "HIPAA",
    "article_or_section": "45 C.F.R. \u00a7 164.530(a)",
    "principle": "Governance and Accountability",
    "requirement": "Implement policies and procedures to comply with the Privacy Rule.",
    "region_applicability": "United States",
    "ai_scope": "AI_Privacy_Control",
    "ai_scope_reason": "Heuristic keyword match: privacy/PII"
  },
  {
    "regulation": "HIPAA",
    "article_or_section": "45 C.F.R. \u00a7 164.530(i)",
    "principle": "Governance and Accountability",
    "requirement": "Designate a privacy official to ensure compliance with the Privacy Rule.",
    "region_applicability": "United States",
    "ai_scope": "AI_Privacy_Control",
    "ai_scope_reason": "Heuristic keyword match: privacy/PII"
  },
  {
    "regulation": "HIPAA",
    "article_or_section": "45 C.F.R. \u00a7 164.506(c)(5)",
    "principle": "Privacy",
    "requirement": "Obtain consent from individuals before using or disclosing their protected health information for purposes other than treatment, payment, or healthcare operations.",
    "region_applicability": "United States",
    "ai_scope": "AI_Privacy_Control",
    "ai_scope_reason": "Heuristic keyword match: privacy/PII"
  },
  {
    "regulation": "HIPAA",
    "article_or_section": "45 C.F.R. \u00a7 164.504(g)",
    "principle": "Access Control",
    "requirement": "Implement policies and procedures to ensure that only authorized personnel have access to protected health information.",
    "region_applicability": "United States",
    "ai_scope": "AI_Access_Control",
    "ai_scope_reason": "Heuristic keyword match: access control"
  },
  {
    "regulation": "HIPAA",
    "article_or_section": "45 C.F.R. \u00a7 164.502(g)",
    "principle": "Governance and Accountability",
    "requirement": "Maintain a record of disclosures of protected health information as required by the privacy rule.",
    "region_applicability": "United States",
    "ai_scope": "AI_Privacy_Control",
    "ai_scope_reason": "Heuristic keyword match: privacy/PII"
  },
  {
    "regulation": "HIPAA",
    "article_or_section": "45 C.F.R. \u00a7 164.534",
    "principle": "Retention",
    "requirement": "Retain records of their privacy practices for a minimum of six years from the date of creation or the date when it last was in effect.",
    "region_applicability": "United States",
    "ai_scope": "AI_Privacy_Control",
    "ai_scope_reason": "Heuristic keyword match: privacy/PII"
  },
  {
    "regulation": "HIPAA",
    "article_or_section": "OCR Privacy Rule Summary",
    "principle": "Retention",
    "requirement": "Retain protected health information for a minimum period as required by law.",
    "region_applicability": null,
    "ai_scope": "General_Governance",
    "ai_scope_reason": "LLM disabled \u2014 heuristic fallback",
    "ai_filter_reason": "heuristic keyword match"
  },
  {
    "regulation": "HIPAA",
    "article_or_section": "OCR Privacy Rule Summary",
    "principle": "Security",
    "requirement": "Adopt reasonable safeguards to protect against incidental uses and disclosures of protected health information.",
    "region_applicability": null,
    "ai_scope": "General_Governance",
    "ai_scope_reason": "LLM disabled \u2014 heuristic fallback",
    "ai_filter_reason": "heuristic keyword match"
  }
]