[
  {
    "regulation": "California Consumer Privacy Act of 2018",
    "article_or_section": "1798.100",
    "principle": "Data Minimization",
    "requirement": "A business shall not collect additional categories of personal information or use personal information collected for additional purposes that are incompatible with the disclosed purpose without providing notice.",
    "region_applicability": "California"
  },
  {
    "regulation": "California Consumer Privacy Act of 2018",
    "article_or_section": "1798.100",
    "principle": "Retention",
    "requirement": "A business shall not retain a consumer\u2019s personal information for longer than is reasonably necessary for the disclosed purpose.",
    "region_applicability": "California"
  },
  {
    "regulation": "California Consumer Privacy Act of 2018",
    "article_or_section": "1798.100",
    "principle": "Security",
    "requirement": "A business shall implement reasonable security procedures and practices appropriate to the nature of the personal information to protect it from unauthorized access, destruction, use, modification, or disclosure.",
    "region_applicability": "California"
  },
  {
    "regulation": "California Consumer Privacy Act of 2018",
    "article_or_section": "1798.105",
    "principle": "Privacy",
    "requirement": "A business shall delete a consumer\u2019s personal information upon a verifiable consumer request.",
    "region_applicability": "California"
  },
  {
    "regulation": "California Consumer Privacy Act of 2018",
    "article_or_section": "1798.105",
    "principle": "Governance and Accountability",
    "requirement": "A business shall notify any service providers or contractors to delete the consumer\u2019s personal information from their records upon receiving a deletion request.",
    "region_applicability": "California"
  },
  {
    "regulation": "California Consumer Privacy Act of 2018",
    "article_or_section": "1798.106",
    "principle": "Privacy",
    "requirement": "A business shall correct inaccurate personal information upon a verifiable consumer request.",
    "region_applicability": "California"
  },
  {
    "regulation": "California Consumer Privacy Act of 2018",
    "article_or_section": "1798.110",
    "principle": "Access Control",
    "requirement": "A business shall disclose to a consumer the categories of personal information it has collected about that consumer upon a verifiable consumer request.",
    "region_applicability": "California"
  },
  {
    "regulation": "California Consumer Privacy Act of 2018",
    "article_or_section": "1798.115",
    "principle": "Privacy",
    "requirement": "A business shall disclose to a consumer the categories of personal information collected about that consumer upon receipt of a verifiable consumer request.",
    "region_applicability": "California"
  },
  {
    "regulation": "California Consumer Privacy Act of 2018",
    "article_or_section": "1798.120",
    "principle": "Privacy",
    "requirement": "A consumer shall have the right to direct a business not to sell or share the consumer\u2019s personal information.",
    "region_applicability": "California"
  },
  {
    "regulation": "California Consumer Privacy Act of 2018",
    "article_or_section": "1798.121",
    "principle": "Data Minimization",
    "requirement": "A business shall limit the use of sensitive personal information to that which is necessary to perform the services or provide the goods reasonably expected by an average consumer.",
    "region_applicability": "California"
  },
  {
    "regulation": "California Consumer Privacy Act of 2018",
    "article_or_section": "1798.130",
    "principle": "Governance and Accountability",
    "requirement": "A business shall make available to consumers designated methods for submitting requests for information required to be disclosed.",
    "region_applicability": "California"
  },
  {
    "regulation": "California Consumer Privacy Act of 2018",
    "article_or_section": "1798.130",
    "principle": "Governance and Accountability",
    "requirement": "A business shall disclose and deliver the required information to a consumer free of charge within 45 days of receiving a verifiable consumer request.",
    "region_applicability": "California"
  },
  {
    "regulation": "California Consumer Privacy Act of 2018",
    "article_or_section": "1798.185(a)",
    "principle": "Retention",
    "requirement": "A business shall provide required information requested by a consumer beyond the 12-month period unless doing so proves impossible or would involve a disproportionate effort.",
    "region_applicability": "California"
  },
  {
    "regulation": "California Consumer Privacy Act of 2018",
    "article_or_section": "1798.110",
    "principle": "Access Control",
    "requirement": "A business that receives a verifiable consumer request shall disclose any personal information it has collected about a consumer.",
    "region_applicability": "California"
  },
  {
    "regulation": "California Consumer Privacy Act of 2018",
    "article_or_section": "1798.115",
    "principle": "Access Control",
    "requirement": "A business shall identify by category the personal information of the consumer that it sold or shared during the applicable period.",
    "region_applicability": "California"
  },
  {
    "regulation": "California Consumer Privacy Act of 2018",
    "article_or_section": "1798.115",
    "principle": "Access Control",
    "requirement": "A business shall disclose the categories of third parties to whom the consumer\u2019s personal information was sold or shared during the applicable period.",
    "region_applicability": "California"
  },
  {
    "regulation": "California Consumer Privacy Act of 2018",
    "article_or_section": "1798.135(a)(1)",
    "principle": "Privacy",
    "requirement": "A business that sells or shares consumers\u2019 personal information shall provide a clear and conspicuous link titled 'Do Not Sell or Share My Personal Information' on its internet homepage.",
    "region_applicability": "California"
  },
  {
    "regulation": "California Consumer Privacy Act of 2018",
    "article_or_section": "1798.135(a)(2)",
    "principle": "Privacy",
    "requirement": "A business shall provide a clear and conspicuous link titled 'Limit the Use of My Sensitive Personal Information' on its internet homepage.",
    "region_applicability": "California"
  },
  {
    "regulation": "California Consumer Privacy Act of 2018",
    "article_or_section": "1798.135(c)(1)",
    "principle": "Access Control",
    "requirement": "A business shall not require a consumer to create an account or provide additional information beyond what is necessary to direct the business not to sell or share the consumer\u2019s personal information.",
    "region_applicability": "California"
  },
  {
    "regulation": "California Consumer Privacy Act of 2018",
    "article_or_section": "1798.135(c)(2)",
    "principle": "Governance and Accountability",
    "requirement": "A business shall include a description of a consumer\u2019s rights pursuant to Sections 1798.120 and 1798.121 in its online privacy policy or California-specific description of consumers\u2019 privacy rights.",
    "region_applicability": "California"
  },
  {
    "regulation": "California Consumer Privacy Act of 2018",
    "article_or_section": "1798.135(c)(3)",
    "principle": "Governance and Accountability",
    "requirement": "A business shall ensure that all individuals responsible for handling consumer inquiries about privacy practices are informed of all requirements in Sections 1798.120 and 1798.121.",
    "region_applicability": "California"
  },
  {
    "regulation": "California Consumer Privacy Act of 2018",
    "article_or_section": "1798.185(a)(7)",
    "principle": "Data Minimization",
    "requirement": "A business shall use personal information collected from the consumer solely for the purposes of verification and shall not further disclose the personal information or retain it longer than necessary.",
    "region_applicability": "California"
  },
  {
    "regulation": "California Consumer Privacy Act of 2018",
    "article_or_section": "Section 1798.120",
    "principle": "Data Minimization",
    "requirement": "Refrain from selling or sharing the consumer\u2019s personal information or using or disclosing the consumer\u2019s sensitive personal information for at least 12 months after a consumer opts out.",
    "region_applicability": "California"
  },
  {
    "regulation": "California Consumer Privacy Act of 2018",
    "article_or_section": "Section 1798.120",
    "principle": "Data Minimization",
    "requirement": "For consumers under 16 years of age who do not consent to the sale or sharing of their personal information, refrain from selling or sharing their personal information and wait for at least 12 months before requesting consent again.",
    "region_applicability": "California"
  },
  {
    "regulation": "California Consumer Privacy Act of 2018",
    "article_or_section": "Section 1798.120",
    "principle": "Privacy",
    "requirement": "Use personal information collected from the consumer in connection with the submission of the consumer\u2019s opt-out request solely for the purposes of complying with the opt-out request.",
    "region_applicability": "California"
  },
  {
    "regulation": "California Consumer Privacy Act of 2018",
    "article_or_section": "Section 1798.130",
    "principle": "Access Control",
    "requirement": "A business shall comply with an opt-out request received from a person authorized by the consumer to act on the consumer\u2019s behalf.",
    "region_applicability": "California"
  },
  {
    "regulation": "California Consumer Privacy Act of 2018",
    "article_or_section": "Section 1798.130",
    "principle": "Access Control",
    "requirement": "If a business communicates a consumer\u2019s opt-out request to any person authorized by the business to collect personal information, that person shall only use the consumer\u2019s personal information for a business purpose specified by the business.",
    "region_applicability": "California"
  },
  {
    "regulation": "California Consumer Privacy Act of 2018",
    "article_or_section": "Section 1798.130",
    "principle": "Governance and Accountability",
    "requirement": "A business shall monitor the contractor\u2019s compliance with the contract through measures including ongoing manual reviews and automated scans at least once every 12 months.",
    "region_applicability": "California"
  },
  {
    "regulation": "California Consumer Privacy Act of 2018",
    "article_or_section": "(m)(1)",
    "principle": "Data Minimization",
    "requirement": "Take reasonable measures to ensure that deidentified information cannot be associated with a consumer or household.",
    "region_applicability": "California"
  },
  {
    "regulation": "California Consumer Privacy Act of 2018",
    "article_or_section": "(m)(2)",
    "principle": "Data Minimization",
    "requirement": "Publicly commit to maintain and use deidentified information and not to attempt to reidentify it, except for determining compliance with deidentification processes.",
    "region_applicability": "California"
  },
  {
    "regulation": "California Consumer Privacy Act of 2018",
    "article_or_section": "(m)(3)",
    "principle": "Data Minimization",
    "requirement": "Contractually obligate any recipients of deidentified information to comply with deidentification provisions.",
    "region_applicability": "California"
  },
  {
    "regulation": "California Consumer Privacy Act of 2018",
    "article_or_section": "(ab)(2)",
    "principle": "Data Minimization",
    "requirement": "Ensure that personal information used for research is subsequently pseudonymized and deidentified, or deidentified and in the aggregate.",
    "region_applicability": "California"
  },
  {
    "regulation": "California Consumer Privacy Act of 2018",
    "article_or_section": "(ab)(3)",
    "principle": "Data Minimization",
    "requirement": "Subject research data to technical safeguards that prohibit reidentification of the consumer.",
    "region_applicability": "California"
  },
  {
    "regulation": "California Consumer Privacy Act of 2018",
    "article_or_section": "(ab)(4)",
    "principle": "Data Minimization",
    "requirement": "Implement business processes that specifically prohibit reidentification of research data.",
    "region_applicability": "California"
  },
  {
    "regulation": "California Consumer Privacy Act of 2018",
    "article_or_section": "(ab)(5)",
    "principle": "Data Minimization",
    "requirement": "Establish business processes to prevent inadvertent release of deidentified information.",
    "region_applicability": "California"
  },
  {
    "regulation": "California Consumer Privacy Act of 2018",
    "article_or_section": "(ab)(8)",
    "principle": "Access Control",
    "requirement": "Limit access to research data to only those individuals necessary to carry out the research purpose.",
    "region_applicability": "California"
  },
  {
    "regulation": "California Consumer Privacy Act of 2018",
    "article_or_section": "(ac)(1)",
    "principle": "Security",
    "requirement": "Implement measures to detect security incidents that compromise the availability, authenticity, integrity, and confidentiality of personal information.",
    "region_applicability": "California"
  },
  {
    "regulation": "California Consumer Privacy Act of 2018",
    "article_or_section": "(ac)(2)",
    "principle": "Security",
    "requirement": "Ensure the ability to detect security incidents and resist malicious actions.",
    "region_applicability": "California"
  },
  {
    "regulation": "California Consumer Privacy Act of 2018",
    "article_or_section": "(ac)(3)",
    "principle": "Security",
    "requirement": "Ensure the physical safety of natural persons.",
    "region_applicability": "California"
  },
  {
    "regulation": "California Consumer Privacy Act of 2018",
    "article_or_section": "1798.110",
    "principle": "Data Minimization",
    "requirement": "A business shall not retain, use, or disclose personal information for any purpose other than for the business purposes specified in the contract.",
    "region_applicability": "California"
  },
  {
    "regulation": "California Consumer Privacy Act of 2018",
    "article_or_section": "1798.110",
    "principle": "Access Control",
    "requirement": "A business shall notify the service provider of any engagement of another person to assist in processing personal information for a business purpose.",
    "region_applicability": "California"
  },
  {
    "regulation": "California Consumer Privacy Act of 2018",
    "article_or_section": "1798.110",
    "principle": "Governance and Accountability",
    "requirement": "The contract with the service provider may permit the business to monitor compliance through ongoing manual reviews and automated scans at least once every 12 months.",
    "region_applicability": "California"
  },
  {
    "regulation": "California Consumer Privacy Act of 2018",
    "article_or_section": "1798.105",
    "principle": "Retention",
    "requirement": "A business shall not delete personal information if directed by a law enforcement agency for investigatory purposes.",
    "region_applicability": "California"
  },
  {
    "regulation": "California Consumer Privacy Act of 2018",
    "article_or_section": "1798.115",
    "principle": "Privacy",
    "requirement": "A business shall provide prior notice to consumers if a third party materially alters how it uses or shares personal information.",
    "region_applicability": "California"
  },
  {
    "regulation": "California Consumer Privacy Act of 2018",
    "article_or_section": "Section 1798.120",
    "principle": "Data Minimization",
    "requirement": "A business shall not retain any personal information about a consumer if, in the ordinary course of business, that information about the consumer would not be retained.",
    "region_applicability": "California"
  },
  {
    "regulation": "California Consumer Privacy Act of 2018",
    "article_or_section": "Section 1798.105",
    "principle": "Privacy",
    "requirement": "A business shall delete a consumer\u2019s personal information upon a verifiable consumer request.",
    "region_applicability": "California"
  },
  {
    "regulation": "California Consumer Privacy Act of 2018",
    "article_or_section": "Section 1798.106",
    "principle": "Privacy",
    "requirement": "A business shall correct inaccurate personal information upon a verifiable consumer request.",
    "region_applicability": "California"
  },
  {
    "regulation": "California Consumer Privacy Act of 2018",
    "article_or_section": "Section 1798.110",
    "principle": "Access Control",
    "requirement": "A business shall provide a consumer with access to specific pieces of personal information upon a verifiable consumer request.",
    "region_applicability": "California"
  },
  {
    "regulation": "California Consumer Privacy Act of 2018",
    "article_or_section": "Section 1798.115",
    "principle": "Governance and Accountability",
    "requirement": "A business shall inform the consumer of any extension of the response time for a verifiable consumer request within 45 days of receipt.",
    "region_applicability": "California"
  },
  {
    "regulation": "California Consumer Privacy Act of 2018",
    "article_or_section": "Section 1798.121",
    "principle": "Security",
    "requirement": "A business shall implement reasonable security procedures and practices to protect personal information.",
    "region_applicability": "California"
  },
  {
    "regulation": "California Consumer Privacy Act of 2018",
    "article_or_section": "1798.148",
    "principle": "Privacy",
    "requirement": "A business or other person shall not reidentify, or attempt to reidentify, information that has met the requirements of paragraph (4) of subdivision (a) of Section 1798.146, except for specified purposes.",
    "region_applicability": "California"
  },
  {
    "regulation": "California Consumer Privacy Act of 2018",
    "article_or_section": "1798.148(c)",
    "principle": "Governance and Accountability",
    "requirement": "Any contract for the sale or license of deidentified information shall include provisions regarding the nature of the deidentified information and restrictions on reidentification.",
    "region_applicability": "California"
  },
  {
    "regulation": "California Consumer Privacy Act of 2018",
    "article_or_section": "1798.150",
    "principle": "Security",
    "requirement": "Implement and maintain reasonable security procedures and practices appropriate to the nature of the information to protect personal information.",
    "region_applicability": "California"
  },
  {
    "regulation": "California Consumer Privacy Act of 2018",
    "article_or_section": "1798.185",
    "principle": "Governance and Accountability",
    "requirement": "Adopt regulations to further the purposes of this title, including updating categories of personal information and establishing rules for consumer requests.",
    "region_applicability": "California"
  },
  {
    "regulation": "California Consumer Privacy Act of 2018",
    "article_or_section": "Section 1798.130",
    "principle": "Privacy",
    "requirement": "Businesses must establish a standard to determine when providing information beyond the 12-month period in response to a verifiable consumer request is impossible or would involve a disproportionate effort.",
    "region_applicability": "California"
  },
  {
    "regulation": "California Consumer Privacy Act of 2018",
    "article_or_section": "Section 1798.140",
    "principle": "Privacy",
    "requirement": "Businesses must issue regulations further defining business purposes for which personal information may be used, consistent with consumer expectations.",
    "region_applicability": "California"
  },
  {
    "regulation": "California Consumer Privacy Act of 2018",
    "article_or_section": "Section 1798.140",
    "principle": "Privacy",
    "requirement": "Businesses must issue regulations to define the term 'specific pieces of information obtained from the consumer' to maximize consumer access while minimizing unnecessary information delivery.",
    "region_applicability": "California"
  },
  {
    "regulation": "California Consumer Privacy Act of 2018",
    "article_or_section": "Section 1798.140",
    "principle": "Security",
    "requirement": "Businesses whose processing of personal information presents significant risk to privacy or security must perform an annual cybersecurity audit.",
    "region_applicability": "California"
  },
  {
    "regulation": "California Consumer Privacy Act of 2018",
    "article_or_section": "Section 1798.140",
    "principle": "Security",
    "requirement": "Businesses must submit a regular risk assessment to the California Privacy Protection Agency regarding their processing of personal information.",
    "region_applicability": "California"
  },
  {
    "regulation": "California Consumer Privacy Act of 2018",
    "article_or_section": "Section 1798.135",
    "principle": "Access Control",
    "requirement": "Businesses must respond to opt-out preference signals in a manner that does not degrade consumer experience or charge fees.",
    "region_applicability": "California"
  },
  {
    "regulation": "California Consumer Privacy Act of 2018",
    "article_or_section": "Section 1798.121",
    "principle": "Governance and Accountability",
    "requirement": "Businesses must ensure that the use of sensitive personal information complies with consumer rights to limit its use and disclosure.",
    "region_applicability": "California"
  },
  {
    "regulation": "California Consumer Privacy Act of 2018",
    "article_or_section": "1798.199.40(b)",
    "principle": "Governance and Accountability",
    "requirement": "Adopt, amend, and rescind regulations to carry out the purposes and provisions of the California Consumer Privacy Act of 2018, including specifying recordkeeping requirements for businesses.",
    "region_applicability": "California"
  },
  {
    "regulation": "California Consumer Privacy Act of 2018",
    "article_or_section": "1798.199.40(c)",
    "principle": "Privacy",
    "requirement": "Protect the fundamental privacy rights of natural persons with respect to the use of their personal information.",
    "region_applicability": "California"
  },
  {
    "regulation": "California Consumer Privacy Act of 2018",
    "article_or_section": "1798.199.40(f)",
    "principle": "Governance and Accountability",
    "requirement": "Provide guidance to businesses regarding their duties and responsibilities under this title and appoint a Chief Privacy Auditor to conduct audits of businesses to ensure compliance.",
    "region_applicability": "California"
  },
  {
    "regulation": "California Consumer Privacy Act of 2018",
    "article_or_section": "1798.199.90",
    "principle": "Privacy",
    "requirement": "Any business, service provider, contractor, or other person that violates this title shall be subject to an injunction and liable for a civil penalty.",
    "region_applicability": "California"
  },
  {
    "regulation": "California Consumer Privacy Act of 2018",
    "article_or_section": "1798.199.100",
    "principle": "Governance and Accountability",
    "requirement": "The agency and any court shall consider the good faith cooperation of the business, service provider, contractor, or other person in determining the amount of any administrative fine or civil penalty for a violation of this title.",
    "region_applicability": "California"
  }
]