[
  {
    "regulation": "Digital Personal Data Protection Act, 2023",
    "article_or_section": "4(1)",
    "principle": "Data Minimization",
    "requirement": "A person may process the personal data of a Data Principal only for a lawful purpose for which the Data Principal has given her consent or for certain legitimate uses.",
    "region_applicability": "India"
  },
  {
    "regulation": "Digital Personal Data Protection Act, 2023",
    "article_or_section": "5(1)",
    "principle": "Privacy",
    "requirement": "Every request made to a Data Principal for consent shall be accompanied or preceded by a notice informing her of the personal data and the purpose for which it is proposed to be processed.",
    "region_applicability": "India"
  },
  {
    "regulation": "Digital Personal Data Protection Act, 2023",
    "article_or_section": "6(1)",
    "principle": "Data Minimization",
    "requirement": "The consent given by the Data Principal shall be limited to such personal data as is necessary for the specified purpose.",
    "region_applicability": "India"
  },
  {
    "regulation": "Digital Personal Data Protection Act, 2023",
    "article_or_section": "6(3)",
    "principle": "Access Control",
    "requirement": "Every request for consent shall be presented to the Data Principal in clear and plain language, providing the contact details of a Data Protection Officer or authorized person.",
    "region_applicability": "India"
  },
  {
    "regulation": "Digital Personal Data Protection Act, 2023",
    "article_or_section": "6(6)",
    "principle": "Privacy",
    "requirement": "The Data Fiduciary shall cease processing personal data upon withdrawal of consent by the Data Principal, unless processing is required or authorized under the Act or other laws.",
    "region_applicability": "India"
  },
  {
    "regulation": "Digital Personal Data Protection Act, 2023",
    "article_or_section": "8(1)",
    "principle": "Governance and Accountability",
    "requirement": "A Data Fiduciary shall be responsible for complying with the provisions of this Act and the rules made thereunder in respect of any processing undertaken by it or on its behalf by a Data Processor.",
    "region_applicability": "India"
  },
  {
    "regulation": "Digital Personal Data Protection Act, 2023",
    "article_or_section": "8(4)",
    "principle": "Security",
    "requirement": "A Data Fiduciary shall implement appropriate technical and organisational measures to ensure effective observance of the provisions of this Act.",
    "region_applicability": "India"
  },
  {
    "regulation": "Digital Personal Data Protection Act, 2023",
    "article_or_section": "8(5)",
    "principle": "Security",
    "requirement": "A Data Fiduciary shall protect personal data in its possession or under its control by taking reasonable security safeguards to prevent personal data breaches.",
    "region_applicability": "India"
  },
  {
    "regulation": "Digital Personal Data Protection Act, 2023",
    "article_or_section": "8(6)",
    "principle": "Security",
    "requirement": "In the event of a personal data breach, the Data Fiduciary shall notify the Board and each affected Data Principal in the prescribed manner.",
    "region_applicability": "India"
  },
  {
    "regulation": "Digital Personal Data Protection Act, 2023",
    "article_or_section": "8(7)",
    "principle": "Retention",
    "requirement": "A Data Fiduciary shall erase personal data upon withdrawal of consent or when the specified purpose is no longer being served, unless retention is necessary for compliance with any law.",
    "region_applicability": "India"
  },
  {
    "regulation": "Digital Personal Data Protection Act, 2023",
    "article_or_section": "9(1)",
    "principle": "Privacy",
    "requirement": "A Data Fiduciary shall obtain verifiable consent from a parent or lawful guardian before processing personal data of a child.",
    "region_applicability": "India"
  },
  {
    "regulation": "Digital Personal Data Protection Act, 2023",
    "article_or_section": "10(2)(a)",
    "principle": "Governance and Accountability",
    "requirement": "A Significant Data Fiduciary shall appoint a Data Protection Officer responsible to the Board of Directors or similar governing body.",
    "region_applicability": "India"
  },
  {
    "regulation": "Digital Personal Data Protection Act, 2023",
    "article_or_section": "10(2)(b)",
    "principle": "Governance and Accountability",
    "requirement": "A Significant Data Fiduciary shall appoint an independent data auditor to evaluate compliance with the provisions of this Act.",
    "region_applicability": "India"
  },
  {
    "regulation": "Digital Personal Data Protection Act, 2023",
    "article_or_section": "11(1)(a)",
    "principle": "Access Control",
    "requirement": "Data Fiduciary shall provide a summary of personal data being processed upon request from the Data Principal.",
    "region_applicability": null
  },
  {
    "regulation": "Digital Personal Data Protection Act, 2023",
    "article_or_section": "11(1)(b)",
    "principle": "Access Control",
    "requirement": "Data Fiduciary shall disclose identities of all other Data Fiduciaries and Data Processors with whom personal data has been shared upon request from the Data Principal.",
    "region_applicability": null
  },
  {
    "regulation": "Digital Personal Data Protection Act, 2023",
    "article_or_section": "12(2)",
    "principle": "Access Control",
    "requirement": "Data Fiduciary shall correct, complete, or update personal data upon receiving a request from the Data Principal.",
    "region_applicability": null
  },
  {
    "regulation": "Digital Personal Data Protection Act, 2023",
    "article_or_section": "12(3)",
    "principle": "Retention",
    "requirement": "Data Fiduciary shall erase personal data upon request from the Data Principal unless retention is necessary for specified purposes or compliance with law.",
    "region_applicability": null
  },
  {
    "regulation": "Digital Personal Data Protection Act, 2023",
    "article_or_section": "13(2)",
    "principle": "Governance and Accountability",
    "requirement": "Data Fiduciary or Consent Manager shall respond to grievances from Data Principals within the prescribed period.",
    "region_applicability": null
  },
  {
    "regulation": "Digital Personal Data Protection Act, 2023",
    "article_or_section": "16(1)",
    "principle": "Security",
    "requirement": "Central Government may restrict the transfer of personal data by a Data Fiduciary to certain countries or territories.",
    "region_applicability": "India"
  },
  {
    "regulation": "Digital Personal Data Protection Act, 2023",
    "article_or_section": "27(1)(a)",
    "principle": "Security",
    "requirement": "The Board shall direct urgent remedial or mitigation measures in the event of a personal data breach.",
    "region_applicability": null
  },
  {
    "regulation": "Digital Personal Data Protection Act, 2023",
    "article_or_section": "27(1)(b)",
    "principle": "Privacy",
    "requirement": "The Board shall inquire into a personal data breach or breach of obligations by a Data Fiduciary upon a complaint by a Data Principal.",
    "region_applicability": null
  },
  {
    "regulation": "Digital Personal Data Protection Act, 2023",
    "article_or_section": "27(1)(c)",
    "principle": "Privacy",
    "requirement": "The Board shall inquire into a breach of obligations by a Consent Manager upon a complaint by a Data Principal.",
    "region_applicability": null
  },
  {
    "regulation": "Digital Personal Data Protection Act, 2023",
    "article_or_section": "27(1)(d)",
    "principle": "Governance and Accountability",
    "requirement": "The Board shall inquire into a breach of any condition of registration of a Consent Manager upon receipt of an intimation.",
    "region_applicability": null
  },
  {
    "regulation": "Digital Personal Data Protection Act, 2023",
    "article_or_section": "27(2)",
    "principle": "Governance and Accountability",
    "requirement": "The Board may issue directions to a person, who shall be bound to comply with the same.",
    "region_applicability": null
  },
  {
    "regulation": "Digital Personal Data Protection Act, 2023",
    "article_or_section": "28(1)",
    "principle": "Governance and Accountability",
    "requirement": "The Board shall function as a digital office and adopt techno-legal measures as may be prescribed.",
    "region_applicability": null
  },
  {
    "regulation": "Digital Personal Data Protection Act, 2023",
    "article_or_section": "28(6)",
    "principle": "Governance and Accountability",
    "requirement": "The Board shall determine whether there are sufficient grounds to proceed with an inquiry.",
    "region_applicability": null
  },
  {
    "regulation": "Digital Personal Data Protection Act, 2023",
    "article_or_section": "28(10)",
    "principle": "Governance and Accountability",
    "requirement": "The Board may issue interim orders during the inquiry after giving the person concerned an opportunity of being heard.",
    "region_applicability": null
  },
  {
    "regulation": "Digital Personal Data Protection Act, 2023",
    "article_or_section": "32(1)",
    "principle": "Governance and Accountability",
    "requirement": "The Board may accept a voluntary undertaking from any person regarding observance of the provisions of this Act.",
    "region_applicability": null
  },
  {
    "regulation": "Digital Personal Data Protection Act, 2023",
    "article_or_section": "32(5)",
    "principle": "Governance and Accountability",
    "requirement": "The Board may proceed in accordance with the provisions of this Act if a person fails to adhere to any term of the voluntary undertaking.",
    "region_applicability": null
  },
  {
    "regulation": "Digital Personal Data Protection Act, 2023",
    "article_or_section": "8(5)",
    "principle": "Security",
    "requirement": "Data Fiduciary shall take reasonable security safeguards to prevent personal data breach.",
    "region_applicability": "India"
  },
  {
    "regulation": "Digital Personal Data Protection Act, 2023",
    "article_or_section": "8(6)",
    "principle": "Security",
    "requirement": "Data Fiduciary shall give notice of a personal data breach to the Board or affected Data Principal.",
    "region_applicability": "India"
  },
  {
    "regulation": "Digital Personal Data Protection Act, 2023",
    "article_or_section": "9",
    "principle": "Governance and Accountability",
    "requirement": "Data Fiduciary shall observe additional obligations in relation to children.",
    "region_applicability": "India"
  },
  {
    "regulation": "Digital Personal Data Protection Act, 2023",
    "article_or_section": "10",
    "principle": "Governance and Accountability",
    "requirement": "Significant Data Fiduciary shall observe additional obligations.",
    "region_applicability": "India"
  },
  {
    "regulation": "Digital Personal Data Protection Act, 2023",
    "article_or_section": "13(2)",
    "principle": "Access Control",
    "requirement": "Data Fiduciary shall respond to any grievances within the specified period.",
    "region_applicability": "India"
  }
]