[
  {
    "regulation": "Artificial Intelligence Act",
    "article_or_section": "Article 16 TFEU",
    "principle": "Privacy",
    "requirement": "Ensure that AI systems for remote biometric identification, risk assessments, and biometric categorization for law enforcement comply with specific rules on the protection of individuals regarding personal data processing.",
    "region_applicability": "EU/EEA",
    "ai_scope": "AI_Privacy_Control",
    "ai_scope_reason": "Heuristic keyword match: privacy/PII"
  },
  {
    "regulation": "Artificial Intelligence Act",
    "article_or_section": null,
    "principle": "Privacy",
    "requirement": "Providers and deployers of AI systems must comply with Union or national law on the protection of personal data when processing personal data.",
    "region_applicability": "EU/EEA",
    "ai_scope": "AI_Privacy_Control",
    "ai_scope_reason": "Heuristic keyword match: privacy/PII"
  },
  {
    "regulation": "Artificial Intelligence Act",
    "article_or_section": null,
    "principle": "Access Control",
    "requirement": "Data subjects must continue to enjoy all rights and guarantees awarded to them by Union law, including rights related to solely automated individual decision-making.",
    "region_applicability": "EU/EEA",
    "ai_scope": "AI_Access_Control",
    "ai_scope_reason": "Heuristic keyword match: access control"
  },
  {
    "regulation": "Artificial Intelligence Act",
    "article_or_section": "30",
    "principle": "Privacy",
    "requirement": "Prohibit biometric categorisation systems that deduce or infer sensitive personal characteristics.",
    "region_applicability": "EU/EEA",
    "ai_scope": "AI_Privacy_Control",
    "ai_scope_reason": "Heuristic keyword match: privacy/PII"
  },
  {
    "regulation": "Artificial Intelligence Act",
    "article_or_section": "31",
    "principle": "Privacy",
    "requirement": "Prohibit AI systems providing social scoring of natural persons that lead to discriminatory outcomes.",
    "region_applicability": "EU/EEA",
    "ai_scope": "AI_Privacy_Control",
    "ai_scope_reason": "Heuristic keyword match: privacy/PII"
  },
  {
    "regulation": "Artificial Intelligence Act",
    "article_or_section": "32",
    "principle": "Privacy",
    "requirement": "Prohibit the use of AI systems for real-time remote biometric identification in publicly accessible spaces for law enforcement.",
    "region_applicability": "EU/EEA",
    "ai_scope": "AI_Privacy_Control",
    "ai_scope_reason": "Heuristic keyword match: privacy/PII"
  },
  {
    "regulation": "Artificial Intelligence Act",
    "article_or_section": "39",
    "principle": "Privacy",
    "requirement": "Comply with all requirements resulting from Article 10 of Directive (EU) 2016/680 for processing biometric data and other personal data involved in the use of AI systems for biometric identification.",
    "region_applicability": "EU/EEA",
    "ai_scope": "AI_Privacy_Control",
    "ai_scope_reason": "Heuristic keyword match: privacy/PII"
  },
  {
    "regulation": "Artificial Intelligence Act",
    "article_or_section": "42",
    "principle": "Privacy",
    "requirement": "Prohibit risk assessments based solely on profiling individuals or assessing their personality traits and characteristics for predicting criminal behavior.",
    "region_applicability": "EU/EEA",
    "ai_scope": "AI_Privacy_Control",
    "ai_scope_reason": "Heuristic keyword match: privacy/PII"
  },
  {
    "regulation": "Artificial Intelligence Act",
    "article_or_section": "43",
    "principle": "Privacy",
    "requirement": "Prohibit the placing on the market, putting into service, or use of AI systems that create or expand facial recognition databases through untargeted scraping of facial images.",
    "region_applicability": "EU/EEA",
    "ai_scope": "AI_Privacy_Control",
    "ai_scope_reason": "Heuristic keyword match: privacy/PII"
  },
  {
    "regulation": "Artificial Intelligence Act",
    "article_or_section": "58",
    "principle": "Governance and Accountability",
    "requirement": "AI systems used for determining access to public assistance benefits must be designed to avoid discrimination and respect fundamental rights.",
    "region_applicability": "EU/EEA",
    "ai_scope": "AI_Access_Control",
    "ai_scope_reason": "Heuristic keyword match: access control"
  },
  {
    "regulation": "Artificial Intelligence Act",
    "article_or_section": "69",
    "principle": "Data Minimization",
    "requirement": "The right to privacy and to protection of personal data must be guaranteed throughout the entire lifecycle of the AI system.",
    "region_applicability": "EU/EEA",
    "ai_scope": "AI_Privacy_Control",
    "ai_scope_reason": "Heuristic keyword match: privacy/PII"
  },
  {
    "regulation": "Artificial Intelligence Act",
    "article_or_section": "66",
    "principle": "Security",
    "requirement": "Requirements should apply to high-risk AI systems as regards risk management, the quality and relevance of data sets used, technical documentation and record-keeping, transparency and the provision of information to deployers, human oversight, and robustness, accuracy and cybersecurity.",
    "region_applicability": "EU/EEA",
    "ai_scope": "AI_Governance",
    "ai_scope_reason": "Heuristic keyword match: audit/governance"
  },
  {
    "regulation": "Artificial Intelligence Act",
    "article_or_section": "71",
    "principle": "Governance and Accountability",
    "requirement": "Providers must keep records and maintain technical documentation necessary to assess compliance of the AI system with relevant requirements and facilitate post-market monitoring.",
    "region_applicability": "EU/EEA",
    "ai_scope": "AI_Governance",
    "ai_scope_reason": "Heuristic keyword match: audit/governance"
  },
  {
    "regulation": "Artificial Intelligence Act",
    "article_or_section": "72",
    "principle": "Privacy",
    "requirement": "High-risk AI systems should be designed to enable deployers to understand how the AI system works, evaluate its functionality, and comprehend its strengths and limitations, accompanied by appropriate information in the form of instructions for use.",
    "region_applicability": "EU/EEA",
    "ai_scope": "AI_Privacy_Control",
    "ai_scope_reason": "Heuristic keyword match: privacy/PII"
  },
  {
    "regulation": "Artificial Intelligence Act",
    "article_or_section": "73",
    "principle": "Access Control",
    "requirement": "High-risk AI systems should be designed and developed to ensure that natural persons can oversee their functioning and that appropriate human oversight measures are identified by the provider before placing the system on the market.",
    "region_applicability": "EU/EEA",
    "ai_scope": "AI_Access_Control",
    "ai_scope_reason": "Heuristic keyword match: access control"
  },
  {
    "regulation": "Artificial Intelligence Act",
    "article_or_section": "80",
    "principle": "Privacy",
    "requirement": "Providers must ensure compliance with accessibility requirements for persons with disabilities.",
    "region_applicability": "EU/EEA",
    "ai_scope": "AI_Privacy_Control",
    "ai_scope_reason": "Heuristic keyword match: privacy/PII"
  },
  {
    "regulation": "Artificial Intelligence Act",
    "article_or_section": "81",
    "principle": "Governance and Accountability",
    "requirement": "Providers must establish a sound quality management system and a robust post-market monitoring system.",
    "region_applicability": "EU/EEA",
    "ai_scope": "AI_Governance",
    "ai_scope_reason": "Heuristic keyword match: audit/governance"
  },
  {
    "regulation": "Artificial Intelligence Act",
    "article_or_section": "91",
    "principle": "Governance and Accountability",
    "requirement": "Deployers of high-risk AI systems must take appropriate technical and organizational measures to ensure compliance with instructions for use and monitoring obligations.",
    "region_applicability": "EU/EEA",
    "ai_scope": "AI_Governance",
    "ai_scope_reason": "Heuristic keyword match: audit/governance"
  },
  {
    "regulation": "Artificial Intelligence Act",
    "article_or_section": "94",
    "principle": "Privacy",
    "requirement": "Processing of biometric data for law enforcement must comply with Article 10 of Directive (EU) 2016/680, ensuring it is strictly necessary and subject to appropriate safeguards.",
    "region_applicability": "EU/EEA",
    "ai_scope": "AI_Privacy_Control",
    "ai_scope_reason": "Heuristic keyword match: privacy/PII"
  },
  {
    "regulation": "Artificial Intelligence Act",
    "article_or_section": "120",
    "principle": "Access Control",
    "requirement": "Providers of very large online platforms or very large online search engines must enable the detection and disclosure that the outputs of their systems are artificially generated or manipulated.",
    "region_applicability": "EU/EEA",
    "ai_scope": "AI_Access_Control",
    "ai_scope_reason": "Heuristic keyword match: access control"
  },
  {
    "regulation": "Artificial Intelligence Act",
    "article_or_section": "Article 132",
    "principle": "Privacy",
    "requirement": "Natural persons must be notified when they are interacting with an AI system unless this is obvious from the context.",
    "region_applicability": "EU/EEA",
    "ai_scope": "AI_Privacy_Control",
    "ai_scope_reason": "Heuristic keyword match: privacy/PII"
  },
  {
    "regulation": "Artificial Intelligence Act",
    "article_or_section": "Article 134",
    "principle": "Privacy",
    "requirement": "Deployers using AI systems to generate or manipulate content that resembles existing persons or events must disclose that the content has been artificially created or manipulated.",
    "region_applicability": "EU/EEA",
    "ai_scope": "AI_Privacy_Control",
    "ai_scope_reason": "Heuristic keyword match: privacy/PII"
  },
  {
    "regulation": "Artificial Intelligence Act",
    "article_or_section": "Article 138",
    "principle": "Governance and Accountability",
    "requirement": "Member States must establish at least one AI regulatory sandbox to facilitate the development and testing of innovative AI systems under regulatory oversight.",
    "region_applicability": "EU/EEA",
    "ai_scope": "AI_Governance",
    "ai_scope_reason": "Heuristic keyword match: audit/governance"
  },
  {
    "regulation": "Artificial Intelligence Act",
    "article_or_section": "140",
    "principle": "Privacy",
    "requirement": "Providers and prospective providers in the AI regulatory sandbox must ensure appropriate safeguards and cooperate with competent authorities to mitigate significant risks to safety, health, and fundamental rights during development, testing, and experimentation.",
    "region_applicability": "EU/EEA",
    "ai_scope": "AI_Privacy_Control",
    "ai_scope_reason": "Heuristic keyword match: privacy/PII"
  },
  {
    "regulation": "Artificial Intelligence Act",
    "article_or_section": "141",
    "principle": "Access Control",
    "requirement": "Prospective providers must submit a real-world testing plan to the competent market surveillance authority and register the testing in dedicated sections in the EU database.",
    "region_applicability": "EU/EEA",
    "ai_scope": "AI_Access_Control",
    "ai_scope_reason": "Heuristic keyword match: access control"
  },
  {
    "regulation": "Artificial Intelligence Act",
    "article_or_section": "155",
    "principle": "Security",
    "requirement": "All providers should have a post-market monitoring system in place.",
    "region_applicability": null,
    "ai_scope": "AI_Governance",
    "ai_scope_reason": "Heuristic keyword match: audit/governance"
  },
  {
    "regulation": "Artificial Intelligence Act",
    "article_or_section": "159",
    "principle": "Access Control",
    "requirement": "Each market surveillance authority for high-risk AI systems should have effective investigative and corrective powers, including the power to obtain access to all personal data that are being processed.",
    "region_applicability": null,
    "ai_scope": "AI_Privacy_Control",
    "ai_scope_reason": "Heuristic keyword match: privacy/PII"
  },
  {
    "regulation": "Artificial Intelligence Act",
    "article_or_section": "167",
    "principle": "Privacy",
    "requirement": "All parties involved in the application of this Regulation should respect the confidentiality of information and data obtained in carrying out their tasks.",
    "region_applicability": "EU/EEA",
    "ai_scope": "AI_Privacy_Control",
    "ai_scope_reason": "Heuristic keyword match: privacy/PII"
  },
  {
    "regulation": "Artificial Intelligence Act",
    "article_or_section": "171",
    "principle": "Access Control",
    "requirement": "Affected persons should have the right to obtain an explanation where a deployer\u2019s decision is based mainly upon the output from certain high-risk systems that produce legal effects or significantly affect those persons.",
    "region_applicability": "EU/EEA",
    "ai_scope": "AI_Access_Control",
    "ai_scope_reason": "Heuristic keyword match: access control"
  },
  {
    "regulation": "Artificial Intelligence Act",
    "article_or_section": "Article 7",
    "principle": "Privacy",
    "requirement": "Union law on the protection of personal data, privacy, and the confidentiality of communications applies to personal data processed in connection with the rights and obligations laid down in this Regulation.",
    "region_applicability": "EU/EEA",
    "ai_scope": "AI_Privacy_Control",
    "ai_scope_reason": "Heuristic keyword match: privacy/PII"
  },
  {
    "regulation": "Artificial Intelligence Act",
    "article_or_section": "Article 5",
    "principle": "Privacy",
    "requirement": "Prohibit the placing on the market, putting into service or use of AI systems that deploy subliminal techniques or manipulative techniques that materially distort behavior.",
    "region_applicability": null,
    "ai_scope": "AI_Privacy_Control",
    "ai_scope_reason": "Heuristic keyword match: privacy/PII"
  },
  {
    "regulation": "Artificial Intelligence Act",
    "article_or_section": "Article 5",
    "principle": "Privacy",
    "requirement": "Prohibit the placing on the market, putting into service or use of AI systems that exploit vulnerabilities of individuals based on age, disability, or economic situation.",
    "region_applicability": null,
    "ai_scope": "AI_Privacy_Control",
    "ai_scope_reason": "Heuristic keyword match: privacy/PII"
  },
  {
    "regulation": "Artificial Intelligence Act",
    "article_or_section": "Article 5",
    "principle": "Privacy",
    "requirement": "Prohibit the placing on the market, putting into service or use of AI systems for evaluating or classifying individuals based on social behavior or personal characteristics leading to detrimental treatment.",
    "region_applicability": null,
    "ai_scope": "AI_Privacy_Control",
    "ai_scope_reason": "Heuristic keyword match: privacy/PII"
  },
  {
    "regulation": "Artificial Intelligence Act",
    "article_or_section": "Article 5",
    "principle": "Privacy",
    "requirement": "Prohibit the placing on the market, putting into service or use of AI systems for making risk assessments of individuals based solely on profiling.",
    "region_applicability": null,
    "ai_scope": "AI_Privacy_Control",
    "ai_scope_reason": "Heuristic keyword match: privacy/PII"
  },
  {
    "regulation": "Artificial Intelligence Act",
    "article_or_section": "Article 5",
    "principle": "Privacy",
    "requirement": "Prohibit the placing on the market, putting into service or use of AI systems that create or expand facial recognition databases through untargeted scraping.",
    "region_applicability": null,
    "ai_scope": "AI_Privacy_Control",
    "ai_scope_reason": "Heuristic keyword match: privacy/PII"
  },
  {
    "regulation": "Artificial Intelligence Act",
    "article_or_section": "Article 5",
    "principle": "Privacy",
    "requirement": "Prohibit the placing on the market, putting into service or use of AI systems to infer emotions in workplace and education settings unless for medical or safety reasons.",
    "region_applicability": null,
    "ai_scope": "AI_Privacy_Control",
    "ai_scope_reason": "Heuristic keyword match: privacy/PII"
  },
  {
    "regulation": "Artificial Intelligence Act",
    "article_or_section": "Article 5",
    "principle": "Privacy",
    "requirement": "Prohibit the placing on the market, putting into service or use of biometric categorization systems that deduce or infer sensitive personal characteristics.",
    "region_applicability": null,
    "ai_scope": "AI_Privacy_Control",
    "ai_scope_reason": "Heuristic keyword match: privacy/PII"
  },
  {
    "regulation": "Artificial Intelligence Act",
    "article_or_section": "Article 5",
    "principle": "Access Control",
    "requirement": "Use of real-time remote biometric identification systems for law enforcement purposes requires prior authorization from a judicial or independent administrative authority.",
    "region_applicability": null,
    "ai_scope": "AI_Access_Control",
    "ai_scope_reason": "Heuristic keyword match: access control"
  },
  {
    "regulation": "Artificial Intelligence Act",
    "article_or_section": "Article 5",
    "principle": "Access Control",
    "requirement": "Notify the relevant market surveillance authority and national data protection authority of each use of real-time remote biometric identification systems for law enforcement.",
    "region_applicability": null,
    "ai_scope": "AI_Access_Control",
    "ai_scope_reason": "Heuristic keyword match: access control"
  },
  {
    "regulation": "Artificial Intelligence Act",
    "article_or_section": "Article 10",
    "principle": "Data Minimization",
    "requirement": "Data sets shall take into account, to the extent required by the intended purpose, the characteristics or elements that are particular to the specific geographical, contextual, behavioural or functional setting within which the high-risk AI system is intended to be used.",
    "region_applicability": "EU/EEA",
    "ai_scope": "AI_Privacy_Control",
    "ai_scope_reason": "Heuristic keyword match: privacy/PII"
  },
  {
    "regulation": "Artificial Intelligence Act",
    "article_or_section": "Article 10",
    "principle": "Privacy",
    "requirement": "Providers of high-risk AI systems may exceptionally process special categories of personal data, subject to appropriate safeguards for the fundamental rights and freedoms of natural persons.",
    "region_applicability": "EU/EEA",
    "ai_scope": "AI_Privacy_Control",
    "ai_scope_reason": "Heuristic keyword match: privacy/PII"
  },
  {
    "regulation": "Artificial Intelligence Act",
    "article_or_section": "Article 12",
    "principle": "Governance and Accountability",
    "requirement": "High-risk AI systems shall technically allow for the automatic recording of events ('logs') over their lifetime.",
    "region_applicability": null,
    "ai_scope": "AI_Governance",
    "ai_scope_reason": "Heuristic keyword match: audit/governance"
  },
  {
    "regulation": "Artificial Intelligence Act",
    "article_or_section": "Article 12",
    "principle": "Governance and Accountability",
    "requirement": "Logging capabilities shall enable the recording of events relevant for identifying situations that may result in the high-risk AI system presenting a risk.",
    "region_applicability": null,
    "ai_scope": "AI_Governance",
    "ai_scope_reason": "Heuristic keyword match: audit/governance"
  },
  {
    "regulation": "Artificial Intelligence Act",
    "article_or_section": "Article 12",
    "principle": "Governance and Accountability",
    "requirement": "For high-risk AI systems, the logging capabilities shall provide, at a minimum, recording of the period of each use of the system.",
    "region_applicability": null,
    "ai_scope": "AI_Governance",
    "ai_scope_reason": "Heuristic keyword match: audit/governance"
  },
  {
    "regulation": "Artificial Intelligence Act",
    "article_or_section": "Article 13",
    "principle": "Privacy",
    "requirement": "High-risk AI systems shall be designed and developed to ensure that their operation is sufficiently transparent to enable deployers to interpret a system\u2019s output.",
    "region_applicability": null,
    "ai_scope": "AI_Privacy_Control",
    "ai_scope_reason": "Heuristic keyword match: privacy/PII"
  },
  {
    "regulation": "Artificial Intelligence Act",
    "article_or_section": "Article 13",
    "principle": "Privacy",
    "requirement": "High-risk AI systems shall be accompanied by instructions for use that include concise, complete, correct and clear information relevant to deployers.",
    "region_applicability": null,
    "ai_scope": "AI_Privacy_Control",
    "ai_scope_reason": "Heuristic keyword match: privacy/PII"
  },
  {
    "regulation": "Artificial Intelligence Act",
    "article_or_section": "Article 14",
    "principle": "Access Control",
    "requirement": "High-risk AI systems shall be designed to enable effective human oversight during their use.",
    "region_applicability": null,
    "ai_scope": "AI_Access_Control",
    "ai_scope_reason": "Heuristic keyword match: access control"
  },
  {
    "regulation": "Artificial Intelligence Act",
    "article_or_section": "Article 19",
    "principle": "Retention",
    "requirement": "Providers of high-risk AI systems shall keep the automatically generated logs for a period of at least six months, unless otherwise provided in applicable Union or national law.",
    "region_applicability": null,
    "ai_scope": "AI_Governance",
    "ai_scope_reason": "Heuristic keyword match: audit/governance"
  },
  {
    "regulation": "Artificial Intelligence Act",
    "article_or_section": "Article 26",
    "principle": "Access Control",
    "requirement": "Deployers shall assign human oversight to natural persons who have the necessary competence, training and authority.",
    "region_applicability": "EU/EEA",
    "ai_scope": "AI_Access_Control",
    "ai_scope_reason": "Heuristic keyword match: access control"
  },
  {
    "regulation": "Artificial Intelligence Act",
    "article_or_section": "Article 26",
    "principle": "Retention",
    "requirement": "Deployers shall keep the logs automatically generated by that high-risk AI system for a period of at least six months.",
    "region_applicability": "EU/EEA",
    "ai_scope": "AI_Governance",
    "ai_scope_reason": "Heuristic keyword match: audit/governance"
  },
  {
    "regulation": "Artificial Intelligence Act",
    "article_or_section": "Article 26",
    "principle": "Privacy",
    "requirement": "Deployers shall inform workers\u2019 representatives and the affected workers that they will be subject to the use of the high-risk AI system.",
    "region_applicability": "EU/EEA",
    "ai_scope": "AI_Privacy_Control",
    "ai_scope_reason": "Heuristic keyword match: privacy/PII"
  },
  {
    "regulation": "Artificial Intelligence Act",
    "article_or_section": "Article 50",
    "principle": "Privacy",
    "requirement": "Providers shall ensure that AI systems intended to interact directly with natural persons are designed and developed in such a way that the natural persons concerned are informed that they are interacting with an AI system.",
    "region_applicability": "EU/EEA",
    "ai_scope": "AI_Privacy_Control",
    "ai_scope_reason": "Heuristic keyword match: privacy/PII"
  },
  {
    "regulation": "Artificial Intelligence Act",
    "article_or_section": "Article 50",
    "principle": "Privacy",
    "requirement": "Providers of AI systems generating synthetic audio, image, video or text content shall ensure that the outputs of the AI system are marked in a machine-readable format and detectable as artificially generated or manipulated.",
    "region_applicability": "EU/EEA",
    "ai_scope": "AI_Privacy_Control",
    "ai_scope_reason": "Heuristic keyword match: privacy/PII"
  },
  {
    "regulation": "Artificial Intelligence Act",
    "article_or_section": "Article 57(10)",
    "principle": "Governance and Accountability",
    "requirement": "National competent authorities shall ensure that data protection authorities are associated with the operation of the AI regulatory sandbox when processing personal data.",
    "region_applicability": "EU/EEA",
    "ai_scope": "AI_Privacy_Control",
    "ai_scope_reason": "Heuristic keyword match: privacy/PII"
  },
  {
    "regulation": "Artificial Intelligence Act",
    "article_or_section": "Article 59",
    "principle": "Data Minimization",
    "requirement": "Personal data processed in the AI regulatory sandbox must be necessary for complying with specific requirements where those cannot be fulfilled by processing anonymised or non-personal data.",
    "region_applicability": null,
    "ai_scope": "AI_Privacy_Control",
    "ai_scope_reason": "Heuristic keyword match: privacy/PII"
  },
  {
    "regulation": "Artificial Intelligence Act",
    "article_or_section": "Article 59",
    "principle": "Access Control",
    "requirement": "Personal data in the sandbox must be in a functionally separate, isolated, and protected environment, accessible only to authorized persons.",
    "region_applicability": null,
    "ai_scope": "AI_Privacy_Control",
    "ai_scope_reason": "Heuristic keyword match: privacy/PII"
  },
  {
    "regulation": "Artificial Intelligence Act",
    "article_or_section": "Article 59",
    "principle": "Security",
    "requirement": "Personal data processed in the sandbox must be protected by appropriate technical and organizational measures and deleted once participation in the sandbox has terminated or the retention period has ended.",
    "region_applicability": null,
    "ai_scope": "AI_Privacy_Control",
    "ai_scope_reason": "Heuristic keyword match: privacy/PII"
  },
  {
    "regulation": "Artificial Intelligence Act",
    "article_or_section": "Article 59",
    "principle": "Retention",
    "requirement": "Logs of personal data processing in the sandbox must be kept for the duration of participation unless otherwise provided by Union or national law.",
    "region_applicability": null,
    "ai_scope": "AI_Privacy_Control",
    "ai_scope_reason": "Heuristic keyword match: privacy/PII"
  },
  {
    "regulation": "Artificial Intelligence Act",
    "article_or_section": "Article 60",
    "principle": "Access Control",
    "requirement": "Data collected for testing in real-world conditions may only be transferred to third countries if appropriate safeguards under Union law are implemented.",
    "region_applicability": null,
    "ai_scope": "AI_Access_Control",
    "ai_scope_reason": "Heuristic keyword match: access control"
  },
  {
    "regulation": "Artificial Intelligence Act",
    "article_or_section": "Article 61",
    "principle": "Privacy",
    "requirement": "Freely-given informed consent must be obtained from subjects prior to their participation in testing, with clear information regarding the nature and objectives of the testing.",
    "region_applicability": null,
    "ai_scope": "AI_Privacy_Control",
    "ai_scope_reason": "Heuristic keyword match: privacy/PII"
  },
  {
    "regulation": "Artificial Intelligence Act",
    "article_or_section": "Article 71(5)",
    "principle": "Data Minimization",
    "requirement": "The EU database shall contain personal data only in so far as necessary for collecting and processing information in accordance with this Regulation.",
    "region_applicability": "EU/EEA",
    "ai_scope": "AI_Privacy_Control",
    "ai_scope_reason": "Heuristic keyword match: privacy/PII"
  },
  {
    "regulation": "Artificial Intelligence Act",
    "article_or_section": "Article 72(1)",
    "principle": "Governance and Accountability",
    "requirement": "Providers shall establish and document a post-market monitoring system in a manner that is proportionate to the nature of the AI technologies and the risks of the high-risk AI system.",
    "region_applicability": "EU/EEA",
    "ai_scope": "AI_Governance",
    "ai_scope_reason": "Heuristic keyword match: audit/governance"
  },
  {
    "regulation": "Artificial Intelligence Act",
    "article_or_section": "Article 12",
    "principle": "Access Control",
    "requirement": "Market surveillance authorities shall be granted full access by providers to the documentation as well as the training, validation and testing data sets used for the development of high-risk AI systems.",
    "region_applicability": null,
    "ai_scope": "AI_Access_Control",
    "ai_scope_reason": "Heuristic keyword match: access control"
  },
  {
    "regulation": "Artificial Intelligence Act",
    "article_or_section": "Article 13",
    "principle": "Access Control",
    "requirement": "Market surveillance authorities shall be granted access to the source code of the high-risk AI system upon a reasoned request.",
    "region_applicability": null,
    "ai_scope": "AI_Access_Control",
    "ai_scope_reason": "Heuristic keyword match: access control"
  },
  {
    "regulation": "Artificial Intelligence Act",
    "article_or_section": "Article 50",
    "principle": "Privacy",
    "requirement": "Providers of general-purpose AI models shall ensure that the processing of personal data complies with applicable data protection laws.",
    "region_applicability": "EU/EEA",
    "ai_scope": "AI_Privacy_Control",
    "ai_scope_reason": "Heuristic keyword match: privacy/PII"
  },
  {
    "regulation": "Artificial Intelligence Act",
    "article_or_section": "Article 92",
    "principle": "Access Control",
    "requirement": "Providers of general-purpose AI models shall provide access to the model as requested by the Commission for compliance assessments.",
    "region_applicability": "EU/EEA",
    "ai_scope": "AI_Access_Control",
    "ai_scope_reason": "Heuristic keyword match: access control"
  },
  {
    "regulation": "Artificial Intelligence Act",
    "article_or_section": "ANNEX V",
    "principle": "Privacy",
    "requirement": "The EU declaration of conformity shall include a statement that the AI system complies with Regulations (EU) 2016/679 and (EU) 2018/1725 and Directive (EU) 2016/680 where applicable.",
    "region_applicability": "EU/EEA",
    "ai_scope": "AI_Privacy_Control",
    "ai_scope_reason": "Heuristic keyword match: privacy/PII"
  },
  {
    "regulation": "Artificial Intelligence Act",
    "article_or_section": "4.3",
    "principle": "Access Control",
    "requirement": "The notified body shall be granted full access to the training, validation, and testing data sets used, including through API or other relevant technical means and tools enabling remote access.",
    "region_applicability": null,
    "ai_scope": "AI_Access_Control",
    "ai_scope_reason": "Heuristic keyword match: access control"
  },
  {
    "regulation": "Artificial Intelligence Act",
    "article_or_section": "4.5",
    "principle": "Access Control",
    "requirement": "The notified body shall be granted access to the training and trained models of the AI system, including its relevant parameters, upon a reasoned request.",
    "region_applicability": null,
    "ai_scope": "AI_Access_Control",
    "ai_scope_reason": "Heuristic keyword match: access control"
  },
  {
    "regulation": "Artificial Intelligence Act",
    "article_or_section": "5.2",
    "principle": "Access Control",
    "requirement": "The provider shall allow the notified body to access the premises where the design, development, testing of the AI systems is taking place.",
    "region_applicability": null,
    "ai_scope": "AI_Access_Control",
    "ai_scope_reason": "Heuristic keyword match: access control"
  },
  {
    "regulation": "Artificial Intelligence Act",
    "article_or_section": "5.3",
    "principle": "Governance and Accountability",
    "requirement": "The notified body shall carry out periodic audits to ensure that the provider maintains and applies the quality management system.",
    "region_applicability": null,
    "ai_scope": "AI_Governance",
    "ai_scope_reason": "Heuristic keyword match: audit/governance"
  },
  {
    "regulation": "Artificial Intelligence Act",
    "article_or_section": "ANNEX XI, Section 1",
    "principle": "Data Minimization",
    "requirement": "Provide information on the data used for training, testing and validation, including type, provenance, and curation methodologies.",
    "region_applicability": "EU/EEA",
    "ai_scope": "AI_Governance",
    "ai_scope_reason": "Heuristic keyword match: audit/governance"
  },
  {
    "regulation": "Artificial Intelligence Act",
    "article_or_section": "ANNEX XI, Section 2",
    "principle": "Governance and Accountability",
    "requirement": "Provide a detailed description of the evaluation strategies, including evaluation results and methodologies.",
    "region_applicability": "EU/EEA",
    "ai_scope": "AI_Governance",
    "ai_scope_reason": "Heuristic keyword match: audit/governance"
  },
  {
    "regulation": "Artificial Intelligence Act",
    "article_or_section": "ANNEX XII",
    "principle": "Privacy",
    "requirement": "Provide a general description of the general-purpose AI model including acceptable use policies.",
    "region_applicability": "EU/EEA",
    "ai_scope": "AI_Privacy_Control",
    "ai_scope_reason": "Heuristic keyword match: privacy/PII"
  },
  {
    "regulation": "Artificial Intelligence Act",
    "article_or_section": "Article 114 TFEU",
    "principle": "Governance and Accountability",
    "requirement": "Establish common rules for high-risk AI systems that are consistent with the Charter and non-discriminatory.",
    "region_applicability": "EU/EEA",
    "ai_scope": "General_Governance",
    "ai_scope_reason": "LLM disabled \u2014 heuristic fallback",
    "ai_filter_reason": "heuristic keyword match"
  },
  {
    "regulation": "Artificial Intelligence Act",
    "article_or_section": "General Provisions",
    "principle": "Security",
    "requirement": "Lay down harmonised rules for the placing on the market, putting into service, and use of AI systems to ensure a high level of protection of public interests, including health and safety.",
    "region_applicability": "EU/EEA",
    "ai_scope": "General_Governance",
    "ai_scope_reason": "LLM disabled \u2014 heuristic fallback",
    "ai_filter_reason": "heuristic keyword match"
  },
  {
    "regulation": "Artificial Intelligence Act",
    "article_or_section": null,
    "principle": "Governance and Accountability",
    "requirement": "Operators involved in the AI value chain must establish specific requirements and obligations regarding transparency, technical documentation, and record-keeping of AI systems.",
    "region_applicability": "EU/EEA",
    "ai_scope": "General_Governance",
    "ai_scope_reason": "LLM disabled \u2014 heuristic fallback",
    "ai_filter_reason": "heuristic keyword match"
  },
  {
    "regulation": "Artificial Intelligence Act",
    "article_or_section": "35",
    "principle": "Governance and Accountability",
    "requirement": "Obtain express and specific authorisation from a judicial or independent administrative authority before using real-time remote biometric identification systems.",
    "region_applicability": "EU/EEA",
    "ai_scope": "General_Governance",
    "ai_scope_reason": "LLM disabled \u2014 heuristic fallback",
    "ai_filter_reason": "heuristic keyword match"
  },
  {
    "regulation": "Artificial Intelligence Act",
    "article_or_section": "46",
    "principle": "Governance and Accountability",
    "requirement": "Ensure that high-risk AI systems comply with mandatory requirements before being placed on the Union market, put into service, or used.",
    "region_applicability": "EU/EEA",
    "ai_scope": "General_Governance",
    "ai_scope_reason": "LLM disabled \u2014 heuristic fallback",
    "ai_filter_reason": "heuristic keyword match"
  },
  {
    "regulation": "Artificial Intelligence Act",
    "article_or_section": "Article 52",
    "principle": "Security",
    "requirement": "Providers of high-risk AI systems must draw up documentation of the assessment before the system is placed on the market or put into service.",
    "region_applicability": "EU",
    "ai_scope": "General_Governance",
    "ai_scope_reason": "LLM disabled \u2014 heuristic fallback",
    "ai_filter_reason": "heuristic keyword match"
  },
  {
    "regulation": "Artificial Intelligence Act",
    "article_or_section": "Article 55",
    "principle": "Security",
    "requirement": "AI systems intended to be used as safety components in the management and operation of critical digital infrastructure must be classified as high-risk.",
    "region_applicability": "EU",
    "ai_scope": "General_Governance",
    "ai_scope_reason": "LLM disabled \u2014 heuristic fallback",
    "ai_filter_reason": "heuristic keyword match"
  },
  {
    "regulation": "Artificial Intelligence Act",
    "article_or_section": "56",
    "principle": "Governance and Accountability",
    "requirement": "AI systems used in education classified as high-risk must be designed to avoid discrimination and respect the right to education.",
    "region_applicability": "EU/EEA",
    "ai_scope": "General_Governance",
    "ai_scope_reason": "LLM disabled \u2014 heuristic fallback",
    "ai_filter_reason": "heuristic keyword match"
  },
  {
    "regulation": "Artificial Intelligence Act",
    "article_or_section": "57",
    "principle": "Governance and Accountability",
    "requirement": "AI systems used in employment and workers management classified as high-risk must be designed to avoid discrimination and respect workers' rights.",
    "region_applicability": "EU/EEA",
    "ai_scope": "General_Governance",
    "ai_scope_reason": "LLM disabled \u2014 heuristic fallback",
    "ai_filter_reason": "heuristic keyword match"
  },
  {
    "regulation": "Artificial Intelligence Act",
    "article_or_section": "60",
    "principle": "Governance and Accountability",
    "requirement": "AI systems used in migration, asylum, and border control must comply with relevant procedural requirements and respect fundamental rights.",
    "region_applicability": "EU/EEA",
    "ai_scope": "General_Governance",
    "ai_scope_reason": "LLM disabled \u2014 heuristic fallback",
    "ai_filter_reason": "heuristic keyword match"
  },
  {
    "regulation": "Artificial Intelligence Act",
    "article_or_section": "61",
    "principle": "Governance and Accountability",
    "requirement": "AI systems used in the administration of justice must be designed to avoid biases and ensure transparency.",
    "region_applicability": "EU/EEA",
    "ai_scope": "General_Governance",
    "ai_scope_reason": "LLM disabled \u2014 heuristic fallback",
    "ai_filter_reason": "heuristic keyword match"
  },
  {
    "regulation": "Artificial Intelligence Act",
    "article_or_section": "62",
    "principle": "Governance and Accountability",
    "requirement": "AI systems intended to influence election outcomes must be classified as high-risk and designed to avoid undue interference.",
    "region_applicability": "EU/EEA",
    "ai_scope": "General_Governance",
    "ai_scope_reason": "LLM disabled \u2014 heuristic fallback",
    "ai_filter_reason": "heuristic keyword match"
  },
  {
    "regulation": "Artificial Intelligence Act",
    "article_or_section": "75",
    "principle": "Security",
    "requirement": "Technical and organisational measures must be taken to ensure robustness of high-risk AI systems.",
    "region_applicability": "EU/EEA",
    "ai_scope": "General_Governance",
    "ai_scope_reason": "LLM disabled \u2014 heuristic fallback",
    "ai_filter_reason": "heuristic keyword match"
  },
  {
    "regulation": "Artificial Intelligence Act",
    "article_or_section": "76",
    "principle": "Security",
    "requirement": "Providers of high-risk AI systems must implement suitable cybersecurity measures.",
    "region_applicability": "EU/EEA",
    "ai_scope": "General_Governance",
    "ai_scope_reason": "LLM disabled \u2014 heuristic fallback",
    "ai_filter_reason": "heuristic keyword match"
  },
  {
    "regulation": "Artificial Intelligence Act",
    "article_or_section": "82",
    "principle": "Governance and Accountability",
    "requirement": "Providers established in third countries must appoint an authorised representative in the Union before making AI systems available.",
    "region_applicability": "EU/EEA",
    "ai_scope": "General_Governance",
    "ai_scope_reason": "LLM disabled \u2014 heuristic fallback",
    "ai_filter_reason": "heuristic keyword match"
  },
  {
    "regulation": "Artificial Intelligence Act",
    "article_or_section": "92",
    "principle": "Governance and Accountability",
    "requirement": "Deployers must inform workers and their representatives about the planned deployment of high-risk AI systems.",
    "region_applicability": "EU/EEA",
    "ai_scope": "General_Governance",
    "ai_scope_reason": "LLM disabled \u2014 heuristic fallback",
    "ai_filter_reason": "heuristic keyword match"
  },
  {
    "regulation": "Artificial Intelligence Act",
    "article_or_section": "96",
    "principle": "Governance and Accountability",
    "requirement": "Deployers of high-risk AI systems must carry out a fundamental rights impact assessment prior to use.",
    "region_applicability": "EU/EEA",
    "ai_scope": "General_Governance",
    "ai_scope_reason": "LLM disabled \u2014 heuristic fallback",
    "ai_filter_reason": "heuristic keyword match"
  },
  {
    "regulation": "Artificial Intelligence Act",
    "article_or_section": "106",
    "principle": "Governance and Accountability",
    "requirement": "Providers of general-purpose AI models must put in place a policy to comply with Union law on copyright and related rights.",
    "region_applicability": "EU/EEA",
    "ai_scope": "General_Governance",
    "ai_scope_reason": "LLM disabled \u2014 heuristic fallback",
    "ai_filter_reason": "heuristic keyword match"
  },
  {
    "regulation": "Artificial Intelligence Act",
    "article_or_section": "107",
    "principle": "Governance and Accountability",
    "requirement": "Providers of general-purpose AI models must draw up and make publicly available a sufficiently detailed summary of the content used for training the general-purpose model.",
    "region_applicability": "EU/EEA",
    "ai_scope": "General_Governance",
    "ai_scope_reason": "LLM disabled \u2014 heuristic fallback",
    "ai_filter_reason": "heuristic keyword match"
  },
  {
    "regulation": "Artificial Intelligence Act",
    "article_or_section": "112",
    "principle": "Governance and Accountability",
    "requirement": "Providers of general-purpose AI models must notify the AI Office within two weeks after meeting the requirements for high-impact capabilities.",
    "region_applicability": "EU/EEA",
    "ai_scope": "General_Governance",
    "ai_scope_reason": "LLM disabled \u2014 heuristic fallback",
    "ai_filter_reason": "heuristic keyword match"
  },
  {
    "regulation": "Artificial Intelligence Act",
    "article_or_section": "114",
    "principle": "Security",
    "requirement": "Providers of general-purpose AI models with systemic risks must ensure an adequate level of cybersecurity protection for the model and its physical infrastructure along the entire model lifecycle.",
    "region_applicability": "EU/EEA",
    "ai_scope": "General_Governance",
    "ai_scope_reason": "LLM disabled \u2014 heuristic fallback",
    "ai_filter_reason": "heuristic keyword match"
  },
  {
    "regulation": "Artificial Intelligence Act",
    "article_or_section": "114",
    "principle": "Governance and Accountability",
    "requirement": "Providers of general-purpose AI models with systemic risks must continuously assess and mitigate systemic risks, including implementing risk-management policies and accountability processes.",
    "region_applicability": "EU/EEA",
    "ai_scope": "General_Governance",
    "ai_scope_reason": "LLM disabled \u2014 heuristic fallback",
    "ai_filter_reason": "heuristic keyword match"
  },
  {
    "regulation": "Artificial Intelligence Act",
    "article_or_section": "115",
    "principle": "Security",
    "requirement": "Providers of general-purpose AI models must keep track of serious incidents and report relevant information and possible corrective measures to the Commission and national competent authorities without undue delay.",
    "region_applicability": "EU/EEA",
    "ai_scope": "General_Governance",
    "ai_scope_reason": "LLM disabled \u2014 heuristic fallback",
    "ai_filter_reason": "heuristic keyword match"
  },
  {
    "regulation": "Artificial Intelligence Act",
    "article_or_section": "123",
    "principle": "Governance and Accountability",
    "requirement": "High-risk AI systems must undergo a conformity assessment prior to their placing on the market or putting into service.",
    "region_applicability": "EU/EEA",
    "ai_scope": "General_Governance",
    "ai_scope_reason": "LLM disabled \u2014 heuristic fallback",
    "ai_filter_reason": "heuristic keyword match"
  },
  {
    "regulation": "Artificial Intelligence Act",
    "article_or_section": "Article 131",
    "principle": "Governance and Accountability",
    "requirement": "Providers of high-risk AI systems must register themselves and information about their AI system in an EU database managed by the Commission.",
    "region_applicability": "EU/EEA",
    "ai_scope": "General_Governance",
    "ai_scope_reason": "LLM disabled \u2014 heuristic fallback",
    "ai_filter_reason": "heuristic keyword match"
  },
  {
    "regulation": "Artificial Intelligence Act",
    "article_or_section": "Article 133",
    "principle": "Security",
    "requirement": "Providers of AI systems must embed technical solutions that enable marking in a machine-readable format to detect that the output has been generated or manipulated by an AI system.",
    "region_applicability": "EU/EEA",
    "ai_scope": "General_Governance",
    "ai_scope_reason": "LLM disabled \u2014 heuristic fallback",
    "ai_filter_reason": "heuristic keyword match"
  },
  {
    "regulation": "Artificial Intelligence Act",
    "article_or_section": "148",
    "principle": "Governance and Accountability",
    "requirement": "Member States must facilitate the tasks of the AI Office to support the development of Union expertise and capabilities at Union level.",
    "region_applicability": "EU/EEA",
    "ai_scope": "General_Governance",
    "ai_scope_reason": "LLM disabled \u2014 heuristic fallback",
    "ai_filter_reason": "heuristic keyword match"
  },
  {
    "regulation": "Artificial Intelligence Act",
    "article_or_section": "155",
    "principle": "Security",
    "requirement": "Providers should have a system in place to report to the relevant authorities any serious incidents resulting from the use of their AI systems.",
    "region_applicability": null,
    "ai_scope": "General_Governance",
    "ai_scope_reason": "LLM disabled \u2014 heuristic fallback",
    "ai_filter_reason": "heuristic keyword match"
  },
  {
    "regulation": "Artificial Intelligence Act",
    "article_or_section": "156",
    "principle": "Governance and Accountability",
    "requirement": "Market surveillance authorities designated pursuant to this Regulation should have all enforcement powers laid down in this Regulation and in Regulation (EU) 2019/1020.",
    "region_applicability": null,
    "ai_scope": "General_Governance",
    "ai_scope_reason": "LLM disabled \u2014 heuristic fallback",
    "ai_filter_reason": "heuristic keyword match"
  },
  {
    "regulation": "Artificial Intelligence Act",
    "article_or_section": "Article 2",
    "principle": "Governance and Accountability",
    "requirement": "Providers placing on the market or putting into service AI systems or general-purpose AI models in the Union must comply with the harmonised rules laid down in this Regulation.",
    "region_applicability": "EU/EEA",
    "ai_scope": "General_Governance",
    "ai_scope_reason": "LLM disabled \u2014 heuristic fallback",
    "ai_filter_reason": "heuristic keyword match"
  },
  {
    "regulation": "Artificial Intelligence Act",
    "article_or_section": "Article 2",
    "principle": "Governance and Accountability",
    "requirement": "Deployers of AI systems that have their place of establishment or are located within the Union must comply with the requirements of this Regulation.",
    "region_applicability": "EU/EEA",
    "ai_scope": "General_Governance",
    "ai_scope_reason": "LLM disabled \u2014 heuristic fallback",
    "ai_filter_reason": "heuristic keyword match"
  },
  {
    "regulation": "Artificial Intelligence Act",
    "article_or_section": "Article 2",
    "principle": "Governance and Accountability",
    "requirement": "Providers and deployers of AI systems located in a third country must comply with this Regulation if the output produced by the AI system is used in the Union.",
    "region_applicability": "EU/EEA",
    "ai_scope": "General_Governance",
    "ai_scope_reason": "LLM disabled \u2014 heuristic fallback",
    "ai_filter_reason": "heuristic keyword match"
  },
  {
    "regulation": "Artificial Intelligence Act",
    "article_or_section": "Article 2",
    "principle": "Governance and Accountability",
    "requirement": "Importers and distributors of AI systems must comply with the requirements of this Regulation.",
    "region_applicability": "EU/EEA",
    "ai_scope": "General_Governance",
    "ai_scope_reason": "LLM disabled \u2014 heuristic fallback",
    "ai_filter_reason": "heuristic keyword match"
  },
  {
    "regulation": "Artificial Intelligence Act",
    "article_or_section": "Article 2",
    "principle": "Governance and Accountability",
    "requirement": "Product manufacturers placing on the market or putting into service an AI system must comply with the requirements of this Regulation.",
    "region_applicability": "EU/EEA",
    "ai_scope": "General_Governance",
    "ai_scope_reason": "LLM disabled \u2014 heuristic fallback",
    "ai_filter_reason": "heuristic keyword match"
  },
  {
    "regulation": "Artificial Intelligence Act",
    "article_or_section": "Article 4",
    "principle": "Governance and Accountability",
    "requirement": "Providers and deployers of AI systems shall take measures to ensure a sufficient level of AI literacy of their staff and other persons dealing with the operation and use of AI systems on their behalf.",
    "region_applicability": "EU/EEA",
    "ai_scope": "General_Governance",
    "ai_scope_reason": "LLM disabled \u2014 heuristic fallback",
    "ai_filter_reason": "heuristic keyword match"
  },
  {
    "regulation": "Artificial Intelligence Act",
    "article_or_section": "Article 6",
    "principle": "Governance and Accountability",
    "requirement": "Document the assessment of AI systems referred to in Annex III to determine if they are high-risk before placing them on the market or putting them into service.",
    "region_applicability": null,
    "ai_scope": "General_Governance",
    "ai_scope_reason": "LLM disabled \u2014 heuristic fallback",
    "ai_filter_reason": "heuristic keyword match"
  },
  {
    "regulation": "Artificial Intelligence Act",
    "article_or_section": "Article 9",
    "principle": "Risk Management",
    "requirement": "A risk management system shall be established, implemented, documented and maintained in relation to high-risk AI systems.",
    "region_applicability": "EU/EEA",
    "ai_scope": "General_Governance",
    "ai_scope_reason": "LLM disabled \u2014 heuristic fallback",
    "ai_filter_reason": "heuristic keyword match"
  },
  {
    "regulation": "Artificial Intelligence Act",
    "article_or_section": "Article 10",
    "principle": "Data Minimization",
    "requirement": "Training, validation and testing data sets shall be subject to data governance and management practices appropriate for the intended purpose of the high-risk AI system.",
    "region_applicability": "EU/EEA",
    "ai_scope": "General_Governance",
    "ai_scope_reason": "LLM disabled \u2014 heuristic fallback",
    "ai_filter_reason": "heuristic keyword match"
  },
  {
    "regulation": "Artificial Intelligence Act",
    "article_or_section": "Article 10",
    "principle": "Data Minimization",
    "requirement": "Training, validation and testing data sets shall be relevant, sufficiently representative, and to the best extent possible, free of errors and complete in view of the intended purpose.",
    "region_applicability": "EU/EEA",
    "ai_scope": "General_Governance",
    "ai_scope_reason": "LLM disabled \u2014 heuristic fallback",
    "ai_filter_reason": "heuristic keyword match"
  },
  {
    "regulation": "Artificial Intelligence Act",
    "article_or_section": "Article 11",
    "principle": "Governance and Accountability",
    "requirement": "The technical documentation of a high-risk AI system shall be drawn up before that system is placed on the market or put into service and shall be kept up-to date.",
    "region_applicability": "EU/EEA",
    "ai_scope": "General_Governance",
    "ai_scope_reason": "LLM disabled \u2014 heuristic fallback",
    "ai_filter_reason": "heuristic keyword match"
  },
  {
    "regulation": "Artificial Intelligence Act",
    "article_or_section": "Article 15",
    "principle": "Security",
    "requirement": "High-risk AI systems shall be designed to achieve an appropriate level of accuracy, robustness, and cybersecurity throughout their lifecycle.",
    "region_applicability": null,
    "ai_scope": "General_Governance",
    "ai_scope_reason": "LLM disabled \u2014 heuristic fallback",
    "ai_filter_reason": "heuristic keyword match"
  },
  {
    "regulation": "Artificial Intelligence Act",
    "article_or_section": "Article 16",
    "principle": "Governance and Accountability",
    "requirement": "Providers of high-risk AI systems shall ensure compliance with the requirements set out in Section 2.",
    "region_applicability": null,
    "ai_scope": "General_Governance",
    "ai_scope_reason": "LLM disabled \u2014 heuristic fallback",
    "ai_filter_reason": "heuristic keyword match"
  },
  {
    "regulation": "Artificial Intelligence Act",
    "article_or_section": "Article 16",
    "principle": "Governance and Accountability",
    "requirement": "Providers of high-risk AI systems shall keep the documentation referred to in Article 18.",
    "region_applicability": null,
    "ai_scope": "General_Governance",
    "ai_scope_reason": "LLM disabled \u2014 heuristic fallback",
    "ai_filter_reason": "heuristic keyword match"
  },
  {
    "regulation": "Artificial Intelligence Act",
    "article_or_section": "Article 17",
    "principle": "Governance and Accountability",
    "requirement": "Providers of high-risk AI systems shall put a quality management system in place that ensures compliance with this Regulation.",
    "region_applicability": null,
    "ai_scope": "General_Governance",
    "ai_scope_reason": "LLM disabled \u2014 heuristic fallback",
    "ai_filter_reason": "heuristic keyword match"
  },
  {
    "regulation": "Artificial Intelligence Act",
    "article_or_section": "Article 18",
    "principle": "Retention",
    "requirement": "The provider shall keep the technical documentation, quality management system documentation, changes approved by notified bodies, decisions issued by notified bodies, and the EU declaration of conformity for a period ending 10 years after the high-risk AI system has been placed on the market or put into service.",
    "region_applicability": null,
    "ai_scope": "General_Governance",
    "ai_scope_reason": "LLM disabled \u2014 heuristic fallback",
    "ai_filter_reason": "heuristic keyword match"
  },
  {
    "regulation": "Artificial Intelligence Act",
    "article_or_section": "Article 20",
    "principle": "Governance and Accountability",
    "requirement": "Providers of high-risk AI systems shall immediately take necessary corrective actions to bring a non-conforming system into conformity, withdraw it, disable it, or recall it, and inform relevant parties accordingly.",
    "region_applicability": null,
    "ai_scope": "General_Governance",
    "ai_scope_reason": "LLM disabled \u2014 heuristic fallback",
    "ai_filter_reason": "heuristic keyword match"
  },
  {
    "regulation": "Artificial Intelligence Act",
    "article_or_section": "Article 21",
    "principle": "Governance and Accountability",
    "requirement": "Providers of high-risk AI systems shall provide all necessary information and documentation to competent authorities upon a reasoned request to demonstrate conformity with the requirements.",
    "region_applicability": null,
    "ai_scope": "General_Governance",
    "ai_scope_reason": "LLM disabled \u2014 heuristic fallback",
    "ai_filter_reason": "heuristic keyword match"
  },
  {
    "regulation": "Artificial Intelligence Act",
    "article_or_section": "Article 22",
    "principle": "Governance and Accountability",
    "requirement": "Providers established in third countries shall appoint an authorised representative in the Union prior to making their high-risk AI systems available on the market.",
    "region_applicability": null,
    "ai_scope": "General_Governance",
    "ai_scope_reason": "LLM disabled \u2014 heuristic fallback",
    "ai_filter_reason": "heuristic keyword match"
  },
  {
    "regulation": "Artificial Intelligence Act",
    "article_or_section": "Article 23",
    "principle": "Governance and Accountability",
    "requirement": "Importers shall ensure that a high-risk AI system is in conformity with the Regulation before placing it on the market by verifying compliance with relevant procedures and documentation.",
    "region_applicability": null,
    "ai_scope": "General_Governance",
    "ai_scope_reason": "LLM disabled \u2014 heuristic fallback",
    "ai_filter_reason": "heuristic keyword match"
  },
  {
    "regulation": "Artificial Intelligence Act",
    "article_or_section": "Article 24",
    "principle": "Governance and Accountability",
    "requirement": "Distributors shall verify that a high-risk AI system bears the required CE marking and is accompanied by the EU declaration of conformity and instructions for use before making it available on the market.",
    "region_applicability": null,
    "ai_scope": "General_Governance",
    "ai_scope_reason": "LLM disabled \u2014 heuristic fallback",
    "ai_filter_reason": "heuristic keyword match"
  },
  {
    "regulation": "Artificial Intelligence Act",
    "article_or_section": "Article 26",
    "principle": "Governance and Accountability",
    "requirement": "Deployers of high-risk AI systems shall take appropriate technical and organisational measures to ensure they use such systems in accordance with the instructions for use.",
    "region_applicability": "EU/EEA",
    "ai_scope": "General_Governance",
    "ai_scope_reason": "LLM disabled \u2014 heuristic fallback",
    "ai_filter_reason": "heuristic keyword match"
  },
  {
    "regulation": "Artificial Intelligence Act",
    "article_or_section": "Article 26",
    "principle": "Data Minimization",
    "requirement": "Deployers shall ensure that input data is relevant and sufficiently representative in view of the intended purpose of the high-risk AI system.",
    "region_applicability": "EU/EEA",
    "ai_scope": "General_Governance",
    "ai_scope_reason": "LLM disabled \u2014 heuristic fallback",
    "ai_filter_reason": "heuristic keyword match"
  },
  {
    "regulation": "Artificial Intelligence Act",
    "article_or_section": "Article 27",
    "principle": "Governance and Accountability",
    "requirement": "Deployers shall perform an assessment of the impact on fundamental rights prior to deploying a high-risk AI system.",
    "region_applicability": "EU/EEA",
    "ai_scope": "General_Governance",
    "ai_scope_reason": "LLM disabled \u2014 heuristic fallback",
    "ai_filter_reason": "heuristic keyword match"
  },
  {
    "regulation": "Artificial Intelligence Act",
    "article_or_section": "Article 31",
    "principle": "Governance and Accountability",
    "requirement": "Notified bodies shall be independent of the provider of a high-risk AI system in relation to which they perform conformity assessment activities.",
    "region_applicability": "EU/EEA",
    "ai_scope": "General_Governance",
    "ai_scope_reason": "LLM disabled \u2014 heuristic fallback",
    "ai_filter_reason": "heuristic keyword match"
  },
  {
    "regulation": "Artificial Intelligence Act",
    "article_or_section": "Article 31",
    "principle": "Security",
    "requirement": "Notified bodies shall have documented procedures in place ensuring that their personnel, committees, subsidiaries, subcontractors and any associated body or personnel of external bodies maintain the confidentiality of the information which comes into their possession during the performance of conformity assessment activities.",
    "region_applicability": "EU/EEA",
    "ai_scope": "General_Governance",
    "ai_scope_reason": "LLM disabled \u2014 heuristic fallback",
    "ai_filter_reason": "heuristic keyword match"
  },
  {
    "regulation": "Artificial Intelligence Act",
    "article_or_section": "Article 33",
    "principle": "Governance and Accountability",
    "requirement": "Where a notified body subcontracts specific tasks connected with the conformity assessment or has recourse to a subsidiary, it shall ensure that the subcontractor or the subsidiary meets the requirements laid down in Article 31.",
    "region_applicability": "EU/EEA",
    "ai_scope": "General_Governance",
    "ai_scope_reason": "LLM disabled \u2014 heuristic fallback",
    "ai_filter_reason": "heuristic keyword match"
  },
  {
    "regulation": "Artificial Intelligence Act",
    "article_or_section": "Article 34",
    "principle": "Governance and Accountability",
    "requirement": "Notified bodies shall verify the conformity of high-risk AI systems in accordance with the conformity assessment procedures set out in Article 43.",
    "region_applicability": "EU/EEA",
    "ai_scope": "General_Governance",
    "ai_scope_reason": "LLM disabled \u2014 heuristic fallback",
    "ai_filter_reason": "heuristic keyword match"
  },
  {
    "regulation": "Artificial Intelligence Act",
    "article_or_section": "Article 34",
    "principle": "Data Minimization",
    "requirement": "Notified bodies shall avoid unnecessary burdens for providers when performing their activities, and take due account of the size of the provider, the sector in which it operates, its structure and the degree of complexity of the high-risk AI system concerned.",
    "region_applicability": "EU/EEA",
    "ai_scope": "General_Governance",
    "ai_scope_reason": "LLM disabled \u2014 heuristic fallback",
    "ai_filter_reason": "heuristic keyword match"
  },
  {
    "regulation": "Artificial Intelligence Act",
    "article_or_section": "Article 40",
    "principle": "Governance and Accountability",
    "requirement": "High-risk AI systems must conform to harmonised standards published in the Official Journal of the European Union.",
    "region_applicability": "EU/EEA",
    "ai_scope": "General_Governance",
    "ai_scope_reason": "LLM disabled \u2014 heuristic fallback",
    "ai_filter_reason": "heuristic keyword match"
  },
  {
    "regulation": "Artificial Intelligence Act",
    "article_or_section": "Article 41",
    "principle": "Governance and Accountability",
    "requirement": "The Commission shall adopt implementing acts establishing common specifications for high-risk AI systems when certain conditions are met.",
    "region_applicability": "EU/EEA",
    "ai_scope": "General_Governance",
    "ai_scope_reason": "LLM disabled \u2014 heuristic fallback",
    "ai_filter_reason": "heuristic keyword match"
  },
  {
    "regulation": "Artificial Intelligence Act",
    "article_or_section": "Article 42",
    "principle": "Governance and Accountability",
    "requirement": "High-risk AI systems trained on specific data settings are presumed to comply with relevant requirements.",
    "region_applicability": "EU/EEA",
    "ai_scope": "General_Governance",
    "ai_scope_reason": "LLM disabled \u2014 heuristic fallback",
    "ai_filter_reason": "heuristic keyword match"
  },
  {
    "regulation": "Artificial Intelligence Act",
    "article_or_section": "Article 43",
    "principle": "Governance and Accountability",
    "requirement": "Providers of high-risk AI systems must follow specified conformity assessment procedures based on harmonised standards or common specifications.",
    "region_applicability": "EU/EEA",
    "ai_scope": "General_Governance",
    "ai_scope_reason": "LLM disabled \u2014 heuristic fallback",
    "ai_filter_reason": "heuristic keyword match"
  },
  {
    "regulation": "Artificial Intelligence Act",
    "article_or_section": "Article 47",
    "principle": "Governance and Accountability",
    "requirement": "The provider shall draw up a written machine readable, physical or electronically signed EU declaration of conformity for each high-risk AI system, and keep it at the disposal of the national competent authorities for 10 years after the high-risk AI system has been placed on the market or put into service.",
    "region_applicability": "EU/EEA",
    "ai_scope": "General_Governance",
    "ai_scope_reason": "LLM disabled \u2014 heuristic fallback",
    "ai_filter_reason": "heuristic keyword match"
  },
  {
    "regulation": "Artificial Intelligence Act",
    "article_or_section": "Article 53(1)(a)",
    "principle": "Governance and Accountability",
    "requirement": "Providers of general-purpose AI models shall draw up and keep up-to-date the technical documentation of the model, including its training and testing process and the results of its evaluation.",
    "region_applicability": "EU/EEA",
    "ai_scope": "General_Governance",
    "ai_scope_reason": "LLM disabled \u2014 heuristic fallback",
    "ai_filter_reason": "heuristic keyword match"
  },
  {
    "regulation": "Artificial Intelligence Act",
    "article_or_section": "Article 53(1)(b)",
    "principle": "Governance and Accountability",
    "requirement": "Providers of general-purpose AI models shall draw up, keep up-to-date and make available information and documentation to providers of AI systems who intend to integrate the general-purpose AI model into their AI systems.",
    "region_applicability": "EU/EEA",
    "ai_scope": "General_Governance",
    "ai_scope_reason": "LLM disabled \u2014 heuristic fallback",
    "ai_filter_reason": "heuristic keyword match"
  },
  {
    "regulation": "Artificial Intelligence Act",
    "article_or_section": "Article 53(1)(c)",
    "principle": "Governance and Accountability",
    "requirement": "Providers of general-purpose AI models shall put in place a policy to comply with Union copyright law.",
    "region_applicability": "EU/EEA",
    "ai_scope": "General_Governance",
    "ai_scope_reason": "LLM disabled \u2014 heuristic fallback",
    "ai_filter_reason": "heuristic keyword match"
  },
  {
    "regulation": "Artificial Intelligence Act",
    "article_or_section": "Article 53(1)(d)",
    "principle": "Governance and Accountability",
    "requirement": "Providers of general-purpose AI models shall draw up and make publicly available a sufficiently detailed summary about the content used for training of the general-purpose AI model.",
    "region_applicability": "EU/EEA",
    "ai_scope": "General_Governance",
    "ai_scope_reason": "LLM disabled \u2014 heuristic fallback",
    "ai_filter_reason": "heuristic keyword match"
  },
  {
    "regulation": "Artificial Intelligence Act",
    "article_or_section": "Article 54(1)",
    "principle": "Governance and Accountability",
    "requirement": "Providers established in third countries shall appoint an authorised representative established in the Union prior to placing a general-purpose AI model on the Union market.",
    "region_applicability": "EU/EEA",
    "ai_scope": "General_Governance",
    "ai_scope_reason": "LLM disabled \u2014 heuristic fallback",
    "ai_filter_reason": "heuristic keyword match"
  },
  {
    "regulation": "Artificial Intelligence Act",
    "article_or_section": "Article 55(1)(a)",
    "principle": "Security",
    "requirement": "Providers of general-purpose AI models with systemic risk shall perform model evaluation in accordance with standardised protocols and tools reflecting the state-of-the-art, including conducting and documenting adversarial testing of the model.",
    "region_applicability": "EU/EEA",
    "ai_scope": "General_Governance",
    "ai_scope_reason": "LLM disabled \u2014 heuristic fallback",
    "ai_filter_reason": "heuristic keyword match"
  },
  {
    "regulation": "Artificial Intelligence Act",
    "article_or_section": "Article 55(1)(b)",
    "principle": "Security",
    "requirement": "Providers of general-purpose AI models with systemic risk shall assess and mitigate possible systemic risks at Union level.",
    "region_applicability": "EU/EEA",
    "ai_scope": "General_Governance",
    "ai_scope_reason": "LLM disabled \u2014 heuristic fallback",
    "ai_filter_reason": "heuristic keyword match"
  },
  {
    "regulation": "Artificial Intelligence Act",
    "article_or_section": "Article 55(1)(c)",
    "principle": "Security",
    "requirement": "Providers of general-purpose AI models with systemic risk shall keep track of, document and report without undue delay to the AI Office and national competent authorities relevant information about serious incidents.",
    "region_applicability": "EU/EEA",
    "ai_scope": "General_Governance",
    "ai_scope_reason": "LLM disabled \u2014 heuristic fallback",
    "ai_filter_reason": "heuristic keyword match"
  },
  {
    "regulation": "Artificial Intelligence Act",
    "article_or_section": "Article 55(1)(d)",
    "principle": "Security",
    "requirement": "Providers of general-purpose AI models with systemic risk shall ensure an adequate level of cybersecurity protection for the general-purpose AI model with systemic risk.",
    "region_applicability": "EU/EEA",
    "ai_scope": "General_Governance",
    "ai_scope_reason": "LLM disabled \u2014 heuristic fallback",
    "ai_filter_reason": "heuristic keyword match"
  },
  {
    "regulation": "Artificial Intelligence Act",
    "article_or_section": "Article 56",
    "principle": "Governance and Accountability",
    "requirement": "The AI Office shall ensure that participants to the codes of practice report regularly on the implementation of commitments and measures taken.",
    "region_applicability": "EU/EEA",
    "ai_scope": "General_Governance",
    "ai_scope_reason": "LLM disabled \u2014 heuristic fallback",
    "ai_filter_reason": "heuristic keyword match"
  },
  {
    "regulation": "Artificial Intelligence Act",
    "article_or_section": "Article 57(1)",
    "principle": "Governance and Accountability",
    "requirement": "Member States shall ensure that their competent authorities establish at least one AI regulatory sandbox at national level, operational within 24 months from the date of entry into force of this Regulation.",
    "region_applicability": "EU/EEA",
    "ai_scope": "General_Governance",
    "ai_scope_reason": "LLM disabled \u2014 heuristic fallback",
    "ai_filter_reason": "heuristic keyword match"
  },
  {
    "regulation": "Artificial Intelligence Act",
    "article_or_section": "Article 57(4)",
    "principle": "Governance and Accountability",
    "requirement": "Member States shall ensure that competent authorities allocate sufficient resources to comply with the establishment and operation of AI regulatory sandboxes effectively and in a timely manner.",
    "region_applicability": "EU/EEA",
    "ai_scope": "General_Governance",
    "ai_scope_reason": "LLM disabled \u2014 heuristic fallback",
    "ai_filter_reason": "heuristic keyword match"
  },
  {
    "regulation": "Artificial Intelligence Act",
    "article_or_section": "Article 57(16)",
    "principle": "Governance and Accountability",
    "requirement": "National competent authorities shall submit annual reports to the AI Office and the Board on the implementation of AI regulatory sandboxes.",
    "region_applicability": "EU/EEA",
    "ai_scope": "General_Governance",
    "ai_scope_reason": "LLM disabled \u2014 heuristic fallback",
    "ai_filter_reason": "heuristic keyword match"
  },
  {
    "regulation": "Artificial Intelligence Act",
    "article_or_section": "Article 60",
    "principle": "Governance and Accountability",
    "requirement": "Providers must submit a real-world testing plan to the market surveillance authority before conducting testing of high-risk AI systems.",
    "region_applicability": null,
    "ai_scope": "General_Governance",
    "ai_scope_reason": "LLM disabled \u2014 heuristic fallback",
    "ai_filter_reason": "heuristic keyword match"
  },
  {
    "regulation": "Artificial Intelligence Act",
    "article_or_section": "Article 63",
    "principle": "Governance and Accountability",
    "requirement": "Microenterprises may comply with certain elements of the quality management system in a simplified manner, provided they do not have partner enterprises or linked enterprises.",
    "region_applicability": "EU/EEA",
    "ai_scope": "General_Governance",
    "ai_scope_reason": "LLM disabled \u2014 heuristic fallback",
    "ai_filter_reason": "heuristic keyword match"
  },
  {
    "regulation": "Artificial Intelligence Act",
    "article_or_section": "Article 64",
    "principle": "Governance and Accountability",
    "requirement": "The Commission shall develop Union expertise and capabilities in the field of AI through the AI Office.",
    "region_applicability": "EU/EEA",
    "ai_scope": "General_Governance",
    "ai_scope_reason": "LLM disabled \u2014 heuristic fallback",
    "ai_filter_reason": "heuristic keyword match"
  },
  {
    "regulation": "Artificial Intelligence Act",
    "article_or_section": "Article 73(1)",
    "principle": "Governance and Accountability",
    "requirement": "Providers of high-risk AI systems placed on the Union market shall report any serious incident to the market surveillance authorities of the Member States where that incident occurred.",
    "region_applicability": "EU/EEA",
    "ai_scope": "General_Governance",
    "ai_scope_reason": "LLM disabled \u2014 heuristic fallback",
    "ai_filter_reason": "heuristic keyword match"
  },
  {
    "regulation": "Artificial Intelligence Act",
    "article_or_section": "Article 73(2)",
    "principle": "Governance and Accountability",
    "requirement": "The report shall be made immediately after establishing a causal link between the AI system and the serious incident, and not later than 15 days after becoming aware of the serious incident.",
    "region_applicability": "EU/EEA",
    "ai_scope": "General_Governance",
    "ai_scope_reason": "LLM disabled \u2014 heuristic fallback",
    "ai_filter_reason": "heuristic keyword match"
  },
  {
    "regulation": "Artificial Intelligence Act",
    "article_or_section": "Article 78",
    "principle": "Data Minimization",
    "requirement": "Authorities shall request only data that is strictly necessary for the assessment of the risk posed by AI systems and for the exercise of their powers.",
    "region_applicability": null,
    "ai_scope": "General_Governance",
    "ai_scope_reason": "LLM disabled \u2014 heuristic fallback",
    "ai_filter_reason": "heuristic keyword match"
  },
  {
    "regulation": "Artificial Intelligence Act",
    "article_or_section": "Article 78",
    "principle": "Retention",
    "requirement": "Authorities shall delete the data collected as soon as it is no longer needed for the purpose for which it was obtained.",
    "region_applicability": null,
    "ai_scope": "General_Governance",
    "ai_scope_reason": "LLM disabled \u2014 heuristic fallback",
    "ai_filter_reason": "heuristic keyword match"
  },
  {
    "regulation": "Artificial Intelligence Act",
    "article_or_section": "Article 78",
    "principle": "Security",
    "requirement": "Authorities shall put in place adequate and effective cybersecurity measures to protect the security and confidentiality of the information and data obtained.",
    "region_applicability": null,
    "ai_scope": "General_Governance",
    "ai_scope_reason": "LLM disabled \u2014 heuristic fallback",
    "ai_filter_reason": "heuristic keyword match"
  },
  {
    "regulation": "Artificial Intelligence Act",
    "article_or_section": "1",
    "principle": "Governance and Accountability",
    "requirement": "The market surveillance authority shall carry out an evaluation of AI systems presenting a risk in respect of compliance with all requirements and obligations laid down in this Regulation.",
    "region_applicability": "EU/EEA",
    "ai_scope": "General_Governance",
    "ai_scope_reason": "LLM disabled \u2014 heuristic fallback",
    "ai_filter_reason": "heuristic keyword match"
  },
  {
    "regulation": "Artificial Intelligence Act",
    "article_or_section": "2",
    "principle": "Governance and Accountability",
    "requirement": "The market surveillance authority shall require the relevant operator to take all appropriate corrective actions to bring the AI system into compliance without undue delay.",
    "region_applicability": "EU/EEA",
    "ai_scope": "General_Governance",
    "ai_scope_reason": "LLM disabled \u2014 heuristic fallback",
    "ai_filter_reason": "heuristic keyword match"
  },
  {
    "regulation": "Artificial Intelligence Act",
    "article_or_section": "4",
    "principle": "Governance and Accountability",
    "requirement": "The operator shall ensure that all appropriate corrective action is taken in respect of all AI systems it has made available on the Union market.",
    "region_applicability": "EU/EEA",
    "ai_scope": "General_Governance",
    "ai_scope_reason": "LLM disabled \u2014 heuristic fallback",
    "ai_filter_reason": "heuristic keyword match"
  },
  {
    "regulation": "Artificial Intelligence Act",
    "article_or_section": "5",
    "principle": "Governance and Accountability",
    "requirement": "The market surveillance authority shall take all appropriate provisional measures to prohibit or restrict the AI system's being made available on its national market if the operator does not take adequate corrective action.",
    "region_applicability": "EU/EEA",
    "ai_scope": "General_Governance",
    "ai_scope_reason": "LLM disabled \u2014 heuristic fallback",
    "ai_filter_reason": "heuristic keyword match"
  },
  {
    "regulation": "Artificial Intelligence Act",
    "article_or_section": "9",
    "principle": "Governance and Accountability",
    "requirement": "The market surveillance authorities of the Member States shall ensure that appropriate restrictive measures are taken in respect of the product or AI system concerned, such as withdrawal from their market, without undue delay.",
    "region_applicability": "EU/EEA",
    "ai_scope": "General_Governance",
    "ai_scope_reason": "LLM disabled \u2014 heuristic fallback",
    "ai_filter_reason": "heuristic keyword match"
  },
  {
    "regulation": "Artificial Intelligence Act",
    "article_or_section": "2",
    "principle": "Governance and Accountability",
    "requirement": "The provider shall ensure that all necessary action is taken to bring the AI system into compliance with the requirements and obligations laid down in this Regulation.",
    "region_applicability": "EU/EEA",
    "ai_scope": "General_Governance",
    "ai_scope_reason": "LLM disabled \u2014 heuristic fallback",
    "ai_filter_reason": "heuristic keyword match"
  },
  {
    "regulation": "Artificial Intelligence Act",
    "article_or_section": "5",
    "principle": "Governance and Accountability",
    "requirement": "The provider shall ensure that all appropriate corrective action is taken in respect of all AI systems it has made available on the Union market.",
    "region_applicability": "EU/EEA",
    "ai_scope": "General_Governance",
    "ai_scope_reason": "LLM disabled \u2014 heuristic fallback",
    "ai_filter_reason": "heuristic keyword match"
  },
  {
    "regulation": "Artificial Intelligence Act",
    "article_or_section": "1",
    "principle": "Governance and Accountability",
    "requirement": "The market surveillance authority shall require the relevant operator to take all appropriate measures to ensure that the AI system no longer presents a risk when placed on the market or put into service.",
    "region_applicability": "EU/EEA",
    "ai_scope": "General_Governance",
    "ai_scope_reason": "LLM disabled \u2014 heuristic fallback",
    "ai_filter_reason": "heuristic keyword match"
  },
  {
    "regulation": "Artificial Intelligence Act",
    "article_or_section": "1",
    "principle": "Governance and Accountability",
    "requirement": "The Member States shall immediately inform the Commission and other Member States of a finding that a high-risk AI system presents a risk.",
    "region_applicability": "EU/EEA",
    "ai_scope": "General_Governance",
    "ai_scope_reason": "LLM disabled \u2014 heuristic fallback",
    "ai_filter_reason": "heuristic keyword match"
  },
  {
    "regulation": "Artificial Intelligence Act",
    "article_or_section": "2",
    "principle": "Governance and Accountability",
    "requirement": "The market surveillance authority shall take appropriate and proportionate measures to restrict or prohibit the high-risk AI system being made available on the market if non-compliance persists.",
    "region_applicability": "EU/EEA",
    "ai_scope": "General_Governance",
    "ai_scope_reason": "LLM disabled \u2014 heuristic fallback",
    "ai_filter_reason": "heuristic keyword match"
  },
  {
    "regulation": "Artificial Intelligence Act",
    "article_or_section": "Article 53",
    "principle": "Data Minimization",
    "requirement": "Providers of general-purpose AI models shall ensure that the data used for training, validation, and testing is adequate, relevant, and limited to what is necessary.",
    "region_applicability": "EU/EEA",
    "ai_scope": "General_Governance",
    "ai_scope_reason": "LLM disabled \u2014 heuristic fallback",
    "ai_filter_reason": "heuristic keyword match"
  },
  {
    "regulation": "Artificial Intelligence Act",
    "article_or_section": "Article 94",
    "principle": "Governance and Accountability",
    "requirement": "Providers of general-purpose AI models shall adhere to procedural rights as outlined in Article 18 of Regulation (EU) 2019/1020.",
    "region_applicability": "EU/EEA",
    "ai_scope": "General_Governance",
    "ai_scope_reason": "LLM disabled \u2014 heuristic fallback",
    "ai_filter_reason": "heuristic keyword match"
  },
  {
    "regulation": "Artificial Intelligence Act",
    "article_or_section": "Article 91",
    "principle": "Security",
    "requirement": "Providers of general-purpose AI models shall supply requested documentation and information necessary for compliance assessments.",
    "region_applicability": "EU/EEA",
    "ai_scope": "General_Governance",
    "ai_scope_reason": "LLM disabled \u2014 heuristic fallback",
    "ai_filter_reason": "heuristic keyword match"
  },
  {
    "regulation": "Artificial Intelligence Act",
    "article_or_section": "Article 106",
    "principle": "Governance and Accountability",
    "requirement": "The requirements set out in Title III, Chapter 2 of Regulation (EU) 2024/\u2026 shall be taken into account when adopting delegated acts and implementing acts concerning Artificial Intelligence systems which are safety components.",
    "region_applicability": "EU",
    "ai_scope": "General_Governance",
    "ai_scope_reason": "LLM disabled \u2014 heuristic fallback",
    "ai_filter_reason": "heuristic keyword match"
  },
  {
    "regulation": "Artificial Intelligence Act",
    "article_or_section": "Article 107",
    "principle": "Governance and Accountability",
    "requirement": "The requirements set out in Title III, Chapter 2 of Regulation (EU) 2024/\u2026 shall be taken into account when adopting delegated acts concerning Artificial Intelligence systems which are safety components.",
    "region_applicability": "EU",
    "ai_scope": "General_Governance",
    "ai_scope_reason": "LLM disabled \u2014 heuristic fallback",
    "ai_filter_reason": "heuristic keyword match"
  },
  {
    "regulation": "Artificial Intelligence Act",
    "article_or_section": "Article 108",
    "principle": "Governance and Accountability",
    "requirement": "The requirements set out in Title III, Chapter 2 of Regulation (EU) 2024/\u2026 shall be taken into account when adopting implementing acts concerning Artificial Intelligence systems which are safety components.",
    "region_applicability": "EU",
    "ai_scope": "General_Governance",
    "ai_scope_reason": "LLM disabled \u2014 heuristic fallback",
    "ai_filter_reason": "heuristic keyword match"
  },
  {
    "regulation": "Artificial Intelligence Act",
    "article_or_section": "Article 109",
    "principle": "Governance and Accountability",
    "requirement": "The requirements set out in Title III, Chapter 2 of Regulation (EU) 2024/\u2026 shall be taken into account when adopting implementing acts concerning artificial intelligence systems which are safety components.",
    "region_applicability": "EU",
    "ai_scope": "General_Governance",
    "ai_scope_reason": "LLM disabled \u2014 heuristic fallback",
    "ai_filter_reason": "heuristic keyword match"
  },
  {
    "regulation": "Artificial Intelligence Act",
    "article_or_section": "ANNEX IV",
    "principle": "Governance and Accountability",
    "requirement": "The technical documentation shall contain a general description of the AI system including its intended purpose, the name of the provider, and the version of the system.",
    "region_applicability": "EU/EEA",
    "ai_scope": "General_Governance",
    "ai_scope_reason": "LLM disabled \u2014 heuristic fallback",
    "ai_filter_reason": "heuristic keyword match"
  },
  {
    "regulation": "Artificial Intelligence Act",
    "article_or_section": "ANNEX IV",
    "principle": "Governance and Accountability",
    "requirement": "The technical documentation shall include a detailed description of the elements of the AI system and the process for its development.",
    "region_applicability": "EU/EEA",
    "ai_scope": "General_Governance",
    "ai_scope_reason": "LLM disabled \u2014 heuristic fallback",
    "ai_filter_reason": "heuristic keyword match"
  },
  {
    "regulation": "Artificial Intelligence Act",
    "article_or_section": "4.6",
    "principle": "Governance and Accountability",
    "requirement": "The decision of the notified body shall be notified to the provider or its authorised representative, containing the conclusions of the assessment of the technical documentation.",
    "region_applicability": null,
    "ai_scope": "General_Governance",
    "ai_scope_reason": "LLM disabled \u2014 heuristic fallback",
    "ai_filter_reason": "heuristic keyword match"
  },
  {
    "regulation": "Artificial Intelligence Act",
    "article_or_section": "4.7",
    "principle": "Governance and Accountability",
    "requirement": "The provider shall inform the notified body of its intention to introduce any changes to the AI system that could affect compliance.",
    "region_applicability": null,
    "ai_scope": "General_Governance",
    "ai_scope_reason": "LLM disabled \u2014 heuristic fallback",
    "ai_filter_reason": "heuristic keyword match"
  },
  {
    "regulation": "Artificial Intelligence Act",
    "article_or_section": "ANNEX VIII, Section A",
    "principle": "Governance and Accountability",
    "requirement": "The following information shall be provided and kept up to date regarding high-risk AI systems: name, address, contact details of the provider, and other specified information.",
    "region_applicability": null,
    "ai_scope": "General_Governance",
    "ai_scope_reason": "LLM disabled \u2014 heuristic fallback",
    "ai_filter_reason": "heuristic keyword match"
  },
  {
    "regulation": "Artificial Intelligence Act",
    "article_or_section": "ANNEX VIII, Section B",
    "principle": "Governance and Accountability",
    "requirement": "The following information shall be provided and kept up to date regarding AI systems considered to be not-high-risk: name, address, contact details of the provider, and other specified information.",
    "region_applicability": null,
    "ai_scope": "General_Governance",
    "ai_scope_reason": "LLM disabled \u2014 heuristic fallback",
    "ai_filter_reason": "heuristic keyword match"
  },
  {
    "regulation": "Artificial Intelligence Act",
    "article_or_section": "ANNEX VIII, Section C",
    "principle": "Governance and Accountability",
    "requirement": "The following information shall be provided and kept up to date regarding high-risk AI systems registered by deployers: name, address, contact details of the deployer, and other specified information.",
    "region_applicability": null,
    "ai_scope": "General_Governance",
    "ai_scope_reason": "LLM disabled \u2014 heuristic fallback",
    "ai_filter_reason": "heuristic keyword match"
  },
  {
    "regulation": "Artificial Intelligence Act",
    "article_or_section": "ANNEX XI, Section 2",
    "principle": "Governance and Accountability",
    "requirement": "Provide a detailed description of measures for conducting internal and/or external adversarial testing.",
    "region_applicability": "EU/EEA",
    "ai_scope": "General_Governance",
    "ai_scope_reason": "LLM disabled \u2014 heuristic fallback",
    "ai_filter_reason": "heuristic keyword match"
  },
  {
    "regulation": "Artificial Intelligence Act",
    "article_or_section": "ANNEX XII",
    "principle": "Data Minimization",
    "requirement": "Provide information on the data used for training, testing and validation, including type and provenance.",
    "region_applicability": "EU/EEA",
    "ai_scope": "General_Governance",
    "ai_scope_reason": "LLM disabled \u2014 heuristic fallback",
    "ai_filter_reason": "heuristic keyword match"
  }
]