[
  {
    "regulation": "GDPR",
    "article_or_section": "Article 5(1)(c)",
    "principle": "Data Minimization",
    "requirement": "Personal data shall be adequate, relevant, and limited to what is necessary in relation to the purposes for which they are processed.",
    "region_applicability": "EU/EEA",
    "ai_scope": "AI_Privacy_Control",
    "ai_scope_reason": "Heuristic keyword match: privacy/PII"
  },
  {
    "regulation": "GDPR",
    "article_or_section": "Article 5(1)(a)",
    "principle": "Privacy",
    "requirement": "Personal data shall be processed lawfully, fairly, and in a transparent manner in relation to the data subject.",
    "region_applicability": "EU/EEA",
    "ai_scope": "AI_Privacy_Control",
    "ai_scope_reason": "Heuristic keyword match: privacy/PII"
  },
  {
    "regulation": "GDPR",
    "article_or_section": "Article 5(1)(e)",
    "principle": "Retention",
    "requirement": "Personal data shall be kept in a form which permits identification of data subjects for no longer than is necessary for the purposes for which the personal data are processed.",
    "region_applicability": "EU/EEA",
    "ai_scope": "AI_Privacy_Control",
    "ai_scope_reason": "Heuristic keyword match: privacy/PII"
  },
  {
    "regulation": "GDPR",
    "article_or_section": "Article 24(1)",
    "principle": "Governance and Accountability",
    "requirement": "The controller shall be responsible for, and be able to demonstrate compliance with, the principles relating to processing of personal data.",
    "region_applicability": "EU/EEA",
    "ai_scope": "AI_Privacy_Control",
    "ai_scope_reason": "Heuristic keyword match: privacy/PII"
  },
  {
    "regulation": "GDPR",
    "article_or_section": "Article 5",
    "principle": "Data Minimization",
    "requirement": "Personal data shall be adequate, relevant and limited to what is necessary in relation to the purposes for which they are processed.",
    "region_applicability": "EU/EEA",
    "ai_scope": "AI_Privacy_Control",
    "ai_scope_reason": "Heuristic keyword match: privacy/PII"
  },
  {
    "regulation": "GDPR",
    "article_or_section": "Article 6",
    "principle": "Privacy",
    "requirement": "Processing of personal data shall be lawful only if and to the extent that at least one of the following applies: the data subject has given consent to the processing of his or her personal data for one or more specific purposes.",
    "region_applicability": "EU/EEA",
    "ai_scope": "AI_Privacy_Control",
    "ai_scope_reason": "Heuristic keyword match: privacy/PII"
  },
  {
    "regulation": "GDPR",
    "article_or_section": "39",
    "principle": "Data Minimization",
    "requirement": "Personal data should be adequate, relevant and limited to what is necessary for the purposes for which they are processed.",
    "region_applicability": "EU/EEA",
    "ai_scope": "AI_Privacy_Control",
    "ai_scope_reason": "Heuristic keyword match: privacy/PII"
  },
  {
    "regulation": "GDPR",
    "article_or_section": "39",
    "principle": "Retention",
    "requirement": "The period for which the personal data are stored is limited to a strict minimum.",
    "region_applicability": "EU/EEA",
    "ai_scope": "AI_Privacy_Control",
    "ai_scope_reason": "Heuristic keyword match: privacy/PII"
  },
  {
    "regulation": "GDPR",
    "article_or_section": "39",
    "principle": "Security",
    "requirement": "Personal data should be processed in a manner that ensures appropriate security and confidentiality of the personal data.",
    "region_applicability": "EU/EEA",
    "ai_scope": "AI_Privacy_Control",
    "ai_scope_reason": "Heuristic keyword match: privacy/PII"
  },
  {
    "regulation": "GDPR",
    "article_or_section": "39",
    "principle": "Security",
    "requirement": "Take every reasonable step to ensure that personal data which are inaccurate are rectified or deleted.",
    "region_applicability": "EU/EEA",
    "ai_scope": "AI_Privacy_Control",
    "ai_scope_reason": "Heuristic keyword match: privacy/PII"
  },
  {
    "regulation": "GDPR",
    "article_or_section": "42",
    "principle": "Consent",
    "requirement": "A declaration of consent pre-formulated by the controller should be provided in an intelligible and easily accessible form, using clear and plain language.",
    "region_applicability": "EU/EEA",
    "ai_scope": "AI_Access_Control",
    "ai_scope_reason": "Heuristic keyword match: access control"
  },
  {
    "regulation": "GDPR",
    "article_or_section": "44",
    "principle": "Privacy",
    "requirement": "Processing should be lawful where it is necessary in the context of a contract or the intention to enter into a contract.",
    "region_applicability": "EU/EEA",
    "ai_scope": "AI_Privacy_Control",
    "ai_scope_reason": "Heuristic keyword match: privacy/PII"
  },
  {
    "regulation": "GDPR",
    "article_or_section": "49",
    "principle": "Security",
    "requirement": "Processing of personal data must be strictly necessary and proportionate for ensuring network and information security.",
    "region_applicability": "EU/EEA",
    "ai_scope": "AI_Privacy_Control",
    "ai_scope_reason": "Heuristic keyword match: privacy/PII"
  },
  {
    "regulation": "GDPR",
    "article_or_section": "50",
    "principle": "Retention",
    "requirement": "Further processing of personal data for purposes other than those for which the personal data were initially collected is allowed only if compatible with the original purposes.",
    "region_applicability": "EU/EEA",
    "ai_scope": "AI_Privacy_Control",
    "ai_scope_reason": "Heuristic keyword match: privacy/PII"
  },
  {
    "regulation": "GDPR",
    "article_or_section": "51",
    "principle": "Security",
    "requirement": "Processing of particularly sensitive personal data must be allowed only in specific cases set out in this Regulation.",
    "region_applicability": "EU/EEA",
    "ai_scope": "AI_Privacy_Control",
    "ai_scope_reason": "Heuristic keyword match: privacy/PII"
  },
  {
    "regulation": "GDPR",
    "article_or_section": "52",
    "principle": "Security",
    "requirement": "Derogations from the prohibition on processing special categories of personal data must be provided for in Union or Member State law and subject to suitable safeguards.",
    "region_applicability": "EU/EEA",
    "ai_scope": "AI_Privacy_Control",
    "ai_scope_reason": "Heuristic keyword match: privacy/PII"
  },
  {
    "regulation": "GDPR",
    "article_or_section": "Article 5(1)(c)",
    "principle": "Data Minimization",
    "requirement": "Personal data shall be adequate, relevant, and limited to what is necessary in relation to the purposes for which they are processed.",
    "region_applicability": "EU/EEA",
    "ai_scope": "AI_Privacy_Control",
    "ai_scope_reason": "Heuristic keyword match: privacy/PII"
  },
  {
    "regulation": "GDPR",
    "article_or_section": "Article 6(1)(e)",
    "principle": "Privacy",
    "requirement": "Processing of personal data shall be lawful only if it is necessary for the performance of a task carried out in the public interest.",
    "region_applicability": "EU/EEA",
    "ai_scope": "AI_Privacy_Control",
    "ai_scope_reason": "Heuristic keyword match: privacy/PII"
  },
  {
    "regulation": "GDPR",
    "article_or_section": "Article 12(1)",
    "principle": "Access Control",
    "requirement": "The controller shall take appropriate measures to provide any information referred to in Articles 13 and 14 in a concise, transparent, intelligible, and easily accessible form.",
    "region_applicability": "EU/EEA",
    "ai_scope": "AI_Access_Control",
    "ai_scope_reason": "Heuristic keyword match: access control"
  },
  {
    "regulation": "GDPR",
    "article_or_section": "Article 15(1)",
    "principle": "Access Control",
    "requirement": "The data subject shall have the right to obtain from the controller confirmation as to whether or not personal data concerning him or her are being processed.",
    "region_applicability": "EU/EEA",
    "ai_scope": "AI_Privacy_Control",
    "ai_scope_reason": "Heuristic keyword match: privacy/PII"
  },
  {
    "regulation": "GDPR",
    "article_or_section": "Article 17(1)",
    "principle": "Retention",
    "requirement": "The data subject shall have the right to obtain from the controller the erasure of personal data concerning him or her without undue delay.",
    "region_applicability": "EU/EEA",
    "ai_scope": "AI_Privacy_Control",
    "ai_scope_reason": "Heuristic keyword match: privacy/PII"
  },
  {
    "regulation": "GDPR",
    "article_or_section": "Article 24(1)",
    "principle": "Governance and Accountability",
    "requirement": "The controller shall be responsible for, and be able to demonstrate compliance with, the principles relating to processing of personal data.",
    "region_applicability": "EU/EEA",
    "ai_scope": "AI_Privacy_Control",
    "ai_scope_reason": "Heuristic keyword match: privacy/PII"
  },
  {
    "regulation": "GDPR",
    "article_or_section": "(66)",
    "principle": "Governance and Accountability",
    "requirement": "A controller who has made personal data public must inform other controllers processing that data to erase any links, copies, or replications of the personal data.",
    "region_applicability": "EU/EEA",
    "ai_scope": "AI_Privacy_Control",
    "ai_scope_reason": "Heuristic keyword match: privacy/PII"
  },
  {
    "regulation": "GDPR",
    "article_or_section": "(67)",
    "principle": "Security",
    "requirement": "Methods to restrict the processing of personal data must include technical means to ensure that personal data are not subject to further processing operations and cannot be changed.",
    "region_applicability": "EU/EEA",
    "ai_scope": "AI_Privacy_Control",
    "ai_scope_reason": "Heuristic keyword match: privacy/PII"
  },
  {
    "regulation": "GDPR",
    "article_or_section": "(70)",
    "principle": "Privacy",
    "requirement": "Data subjects have the right to object to the processing of their personal data for direct marketing purposes at any time and free of charge.",
    "region_applicability": "EU/EEA",
    "ai_scope": "AI_Privacy_Control",
    "ai_scope_reason": "Heuristic keyword match: privacy/PII"
  },
  {
    "regulation": "GDPR",
    "article_or_section": "(71)",
    "principle": "Access Control",
    "requirement": "Data subjects should not be subject to decisions based solely on automated processing that significantly affects them, unless explicitly authorized by law or with the data subject's consent.",
    "region_applicability": "EU/EEA",
    "ai_scope": "AI_Access_Control",
    "ai_scope_reason": "Heuristic keyword match: access control"
  },
  {
    "regulation": "GDPR",
    "article_or_section": "Article 25",
    "principle": "Data Minimization",
    "requirement": "The controller should adopt internal policies and implement measures that minimize the processing of personal data.",
    "region_applicability": "EU/EEA",
    "ai_scope": "AI_Privacy_Control",
    "ai_scope_reason": "Heuristic keyword match: privacy/PII"
  },
  {
    "regulation": "GDPR",
    "article_or_section": "Article 33",
    "principle": "Security",
    "requirement": "The controller should notify the personal data breach to the supervisory authority without undue delay and, where feasible, not later than 72 hours after becoming aware of it.",
    "region_applicability": "EU/EEA",
    "ai_scope": "AI_Privacy_Control",
    "ai_scope_reason": "Heuristic keyword match: privacy/PII"
  },
  {
    "regulation": "GDPR",
    "article_or_section": "Article 34",
    "principle": "Privacy",
    "requirement": "The controller should communicate to the data subject a personal data breach without undue delay when it is likely to result in a high risk to the rights and freedoms of the natural person.",
    "region_applicability": "EU/EEA",
    "ai_scope": "AI_Privacy_Control",
    "ai_scope_reason": "Heuristic keyword match: privacy/PII"
  },
  {
    "regulation": "GDPR",
    "article_or_section": "Article 35",
    "principle": "Privacy",
    "requirement": "Conduct a data protection impact assessment for large-scale processing operations that are likely to result in a high risk to the rights and freedoms of data subjects.",
    "region_applicability": "EU/EEA",
    "ai_scope": "AI_Privacy_Control",
    "ai_scope_reason": "Heuristic keyword match: privacy/PII"
  },
  {
    "regulation": "GDPR",
    "article_or_section": "Article 36",
    "principle": "Privacy",
    "requirement": "Consult the supervisory authority prior to processing if a data protection impact assessment indicates a high risk that cannot be mitigated.",
    "region_applicability": "EU/EEA",
    "ai_scope": "AI_Privacy_Control",
    "ai_scope_reason": "Heuristic keyword match: privacy/PII"
  },
  {
    "regulation": "GDPR",
    "article_or_section": "Article 37",
    "principle": "Governance and Accountability",
    "requirement": "Appoint a data protection officer if processing is carried out by a public authority or if core activities consist of processing operations that require regular and systematic monitoring of data subjects on a large scale.",
    "region_applicability": "EU/EEA",
    "ai_scope": "AI_Governance",
    "ai_scope_reason": "Heuristic keyword match: audit/governance"
  },
  {
    "regulation": "GDPR",
    "article_or_section": "Article 44",
    "principle": "Security",
    "requirement": "Ensure that transfers of personal data to third countries or international organizations comply with the provisions of this Regulation.",
    "region_applicability": "EU/EEA",
    "ai_scope": "AI_Privacy_Control",
    "ai_scope_reason": "Heuristic keyword match: privacy/PII"
  },
  {
    "regulation": "GDPR",
    "article_or_section": "Article 46",
    "principle": "Security",
    "requirement": "Implement appropriate safeguards for the transfer of personal data to third countries or international organizations.",
    "region_applicability": "EU/EEA",
    "ai_scope": "AI_Privacy_Control",
    "ai_scope_reason": "Heuristic keyword match: privacy/PII"
  },
  {
    "regulation": "GDPR",
    "article_or_section": "Article 44",
    "principle": "Access Control",
    "requirement": "Transfers of personal data to a third country or international organization may only take place if the conditions of this Regulation for a transfer to third countries are met.",
    "region_applicability": "EU/EEA",
    "ai_scope": "AI_Privacy_Control",
    "ai_scope_reason": "Heuristic keyword match: privacy/PII"
  },
  {
    "regulation": "GDPR",
    "article_or_section": "Article 46",
    "principle": "Governance and Accountability",
    "requirement": "The controller or processor must provide appropriate safeguards, which may consist of binding corporate rules, standard data protection clauses adopted by the Commission, or contractual clauses authorized by a supervisory authority.",
    "region_applicability": "EU/EEA",
    "ai_scope": "AI_Access_Control",
    "ai_scope_reason": "Heuristic keyword match: access control"
  },
  {
    "regulation": "GDPR",
    "article_or_section": "Article 49",
    "principle": "Privacy",
    "requirement": "The transfer of personal data may take place if the data subject has given explicit consent.",
    "region_applicability": "EU/EEA",
    "ai_scope": "AI_Privacy_Control",
    "ai_scope_reason": "Heuristic keyword match: privacy/PII"
  },
  {
    "regulation": "GDPR",
    "article_or_section": "Article 141",
    "principle": "Privacy",
    "requirement": "Every data subject should have the right to lodge a complaint with a single supervisory authority.",
    "region_applicability": "EU/EEA",
    "ai_scope": "AI_Privacy_Control",
    "ai_scope_reason": "Heuristic keyword match: privacy/PII"
  },
  {
    "regulation": "GDPR",
    "article_or_section": "Article 141",
    "principle": "Privacy",
    "requirement": "The supervisory authority should inform the data subject of the progress and the outcome of the complaint within a reasonable period.",
    "region_applicability": "EU/EEA",
    "ai_scope": "AI_Privacy_Control",
    "ai_scope_reason": "Heuristic keyword match: privacy/PII"
  },
  {
    "regulation": "GDPR",
    "article_or_section": "Article 141",
    "principle": "Access Control",
    "requirement": "Each supervisory authority should take measures such as providing a complaint submission form which can also be completed electronically.",
    "region_applicability": "EU/EEA",
    "ai_scope": "AI_Access_Control",
    "ai_scope_reason": "Heuristic keyword match: access control"
  },
  {
    "regulation": "GDPR",
    "article_or_section": "153",
    "principle": "Privacy",
    "requirement": "Member States should adopt legislative measures which lay down the exemptions and derogations necessary for the purpose of balancing the right to protection of personal data with the right to freedom of expression.",
    "region_applicability": "EU/EEA",
    "ai_scope": "AI_Privacy_Control",
    "ai_scope_reason": "Heuristic keyword match: privacy/PII"
  },
  {
    "regulation": "GDPR",
    "article_or_section": "154",
    "principle": "Privacy",
    "requirement": "Personal data in documents held by a public authority or a public body should be able to be publicly disclosed if the disclosure is provided for by Union or Member State law.",
    "region_applicability": "EU/EEA",
    "ai_scope": "AI_Privacy_Control",
    "ai_scope_reason": "Heuristic keyword match: privacy/PII"
  },
  {
    "regulation": "GDPR",
    "article_or_section": "(156)",
    "principle": "Data Minimization",
    "requirement": "Ensure technical and organisational measures are in place to uphold the principle of data minimisation when processing personal data for archiving purposes.",
    "region_applicability": "EU/EEA",
    "ai_scope": "AI_Privacy_Control",
    "ai_scope_reason": "Heuristic keyword match: privacy/PII"
  },
  {
    "regulation": "GDPR",
    "article_or_section": "(158)",
    "principle": "Governance and Accountability",
    "requirement": "Public authorities or bodies must acquire, preserve, appraise, arrange, describe, communicate, promote, disseminate, and provide access to records of enduring value for general public interest.",
    "region_applicability": "EU/EEA",
    "ai_scope": "AI_Access_Control",
    "ai_scope_reason": "Heuristic keyword match: access control"
  },
  {
    "regulation": "GDPR",
    "article_or_section": "(162)",
    "principle": "Access Control",
    "requirement": "Union or Member State law must determine control of access and appropriate measures to safeguard the rights and freedoms of the data subject when processing personal data for statistical purposes.",
    "region_applicability": "EU/EEA",
    "ai_scope": "AI_Privacy_Control",
    "ai_scope_reason": "Heuristic keyword match: privacy/PII"
  },
  {
    "regulation": "GDPR",
    "article_or_section": "(164)",
    "principle": "Access Control",
    "requirement": "Member States may adopt specific rules to safeguard professional secrecy obligations while reconciling the right to the protection of personal data.",
    "region_applicability": "EU/EEA",
    "ai_scope": "AI_Privacy_Control",
    "ai_scope_reason": "Heuristic keyword match: privacy/PII"
  },
  {
    "regulation": "GDPR",
    "article_or_section": "Article 5",
    "principle": "Data Minimization",
    "requirement": "Personal data must be processed lawfully, fairly, and in a transparent manner in relation to the data subject.",
    "region_applicability": "EU/EEA",
    "ai_scope": "AI_Privacy_Control",
    "ai_scope_reason": "Heuristic keyword match: privacy/PII"
  },
  {
    "regulation": "GDPR",
    "article_or_section": "Article 5",
    "principle": "Data Minimization",
    "requirement": "Personal data must be collected for specified, legitimate purposes and not further processed in a manner that is incompatible with those purposes.",
    "region_applicability": "EU/EEA",
    "ai_scope": "AI_Privacy_Control",
    "ai_scope_reason": "Heuristic keyword match: privacy/PII"
  },
  {
    "regulation": "GDPR",
    "article_or_section": "Article 5",
    "principle": "Data Minimization",
    "requirement": "Personal data must be adequate, relevant, and limited to what is necessary in relation to the purposes for which they are processed.",
    "region_applicability": "EU/EEA",
    "ai_scope": "AI_Privacy_Control",
    "ai_scope_reason": "Heuristic keyword match: privacy/PII"
  },
  {
    "regulation": "GDPR",
    "article_or_section": "Article 5",
    "principle": "Retention",
    "requirement": "Personal data must be kept in a form which permits identification of data subjects for no longer than is necessary for the purposes for which the personal data are processed.",
    "region_applicability": "EU/EEA",
    "ai_scope": "AI_Privacy_Control",
    "ai_scope_reason": "Heuristic keyword match: privacy/PII"
  },
  {
    "regulation": "GDPR",
    "article_or_section": "Article 5",
    "principle": "Security",
    "requirement": "Personal data must be processed in a manner that ensures appropriate security of the personal data, including protection against unauthorized or unlawful processing and against accidental loss, destruction or damage.",
    "region_applicability": "EU/EEA",
    "ai_scope": "AI_Privacy_Control",
    "ai_scope_reason": "Heuristic keyword match: privacy/PII"
  },
  {
    "regulation": "GDPR",
    "article_or_section": "Article 5",
    "principle": "Data Minimization",
    "requirement": "Personal data shall be adequate, relevant and limited to what is necessary in relation to the purposes for which they are processed.",
    "region_applicability": "EU/EEA",
    "ai_scope": "AI_Privacy_Control",
    "ai_scope_reason": "Heuristic keyword match: privacy/PII"
  },
  {
    "regulation": "GDPR",
    "article_or_section": "Article 5",
    "principle": "Retention",
    "requirement": "Personal data shall be kept in a form which permits identification of data subjects for no longer than is necessary for the purposes for which the personal data are processed.",
    "region_applicability": "EU/EEA",
    "ai_scope": "AI_Privacy_Control",
    "ai_scope_reason": "Heuristic keyword match: privacy/PII"
  },
  {
    "regulation": "GDPR",
    "article_or_section": "Article 5",
    "principle": "Security",
    "requirement": "Personal data shall be processed in a manner that ensures appropriate security of the personal data, including protection against unauthorized or unlawful processing and against accidental loss, destruction or damage, using appropriate technical or organizational measures.",
    "region_applicability": "EU/EEA",
    "ai_scope": "AI_Privacy_Control",
    "ai_scope_reason": "Heuristic keyword match: privacy/PII"
  },
  {
    "regulation": "GDPR",
    "article_or_section": "Article 5",
    "principle": "Governance and Accountability",
    "requirement": "The controller shall be responsible for, and be able to demonstrate compliance with, the principles relating to processing of personal data.",
    "region_applicability": "EU/EEA",
    "ai_scope": "AI_Privacy_Control",
    "ai_scope_reason": "Heuristic keyword match: privacy/PII"
  },
  {
    "regulation": "GDPR",
    "article_or_section": "Article 9",
    "principle": "Data Minimization",
    "requirement": "Processing of personal data revealing racial or ethnic origin, political opinions, religious or philosophical beliefs, or trade union membership is prohibited.",
    "region_applicability": "EU/EEA",
    "ai_scope": "AI_Privacy_Control",
    "ai_scope_reason": "Heuristic keyword match: privacy/PII"
  },
  {
    "regulation": "GDPR",
    "article_or_section": "Article 10",
    "principle": "Access Control",
    "requirement": "Processing of personal data relating to criminal convictions and offences shall be carried out only under the control of official authority or when authorized by Union or Member State law providing appropriate safeguards.",
    "region_applicability": "EU/EEA",
    "ai_scope": "AI_Privacy_Control",
    "ai_scope_reason": "Heuristic keyword match: privacy/PII"
  },
  {
    "regulation": "GDPR",
    "article_or_section": "Article 11",
    "principle": "Data Minimization",
    "requirement": "If the purposes for which a controller processes personal data do not require the identification of a data subject, the controller shall not be obliged to maintain, acquire or process additional information to identify the data subject.",
    "region_applicability": "EU/EEA",
    "ai_scope": "AI_Privacy_Control",
    "ai_scope_reason": "Heuristic keyword match: privacy/PII"
  },
  {
    "regulation": "GDPR",
    "article_or_section": "Article 12",
    "principle": "Privacy",
    "requirement": "The controller shall take appropriate measures to provide information to the data subject in a concise, transparent, intelligible and easily accessible form.",
    "region_applicability": "EU/EEA",
    "ai_scope": "AI_Privacy_Control",
    "ai_scope_reason": "Heuristic keyword match: privacy/PII"
  },
  {
    "regulation": "GDPR",
    "article_or_section": "Article 13",
    "principle": "Privacy",
    "requirement": "The controller shall provide the data subject with information regarding the identity of the controller, purposes of processing, legal basis for processing, and other specified information at the time of data collection.",
    "region_applicability": "EU/EEA",
    "ai_scope": "AI_Privacy_Control",
    "ai_scope_reason": "Heuristic keyword match: privacy/PII"
  },
  {
    "regulation": "GDPR",
    "article_or_section": "Article 14",
    "principle": "Privacy",
    "requirement": "The controller shall provide the data subject with information about the identity and contact details of the controller, the purposes of processing, the categories of personal data concerned, and the recipients of the personal data.",
    "region_applicability": "EU/EEA",
    "ai_scope": "AI_Privacy_Control",
    "ai_scope_reason": "Heuristic keyword match: privacy/PII"
  },
  {
    "regulation": "GDPR",
    "article_or_section": "Article 14",
    "principle": "Retention",
    "requirement": "The controller shall provide the data subject with the period for which the personal data will be stored, or the criteria used to determine that period.",
    "region_applicability": "EU/EEA",
    "ai_scope": "AI_Privacy_Control",
    "ai_scope_reason": "Heuristic keyword match: privacy/PII"
  },
  {
    "regulation": "GDPR",
    "article_or_section": "Article 15",
    "principle": "Access Control",
    "requirement": "The data subject shall have the right to obtain confirmation from the controller as to whether personal data concerning him or her are being processed.",
    "region_applicability": "EU/EEA",
    "ai_scope": "AI_Privacy_Control",
    "ai_scope_reason": "Heuristic keyword match: privacy/PII"
  },
  {
    "regulation": "GDPR",
    "article_or_section": "Article 15",
    "principle": "Access Control",
    "requirement": "The controller shall provide a copy of the personal data undergoing processing to the data subject.",
    "region_applicability": "EU/EEA",
    "ai_scope": "AI_Privacy_Control",
    "ai_scope_reason": "Heuristic keyword match: privacy/PII"
  },
  {
    "regulation": "GDPR",
    "article_or_section": "Article 16",
    "principle": "Access Control",
    "requirement": "The data subject shall have the right to obtain from the controller without undue delay the rectification of inaccurate personal data concerning him or her.",
    "region_applicability": "EU/EEA",
    "ai_scope": "AI_Privacy_Control",
    "ai_scope_reason": "Heuristic keyword match: privacy/PII"
  },
  {
    "regulation": "GDPR",
    "article_or_section": "Article 17",
    "principle": "Retention",
    "requirement": "The controller shall erase personal data without undue delay when the personal data are no longer necessary in relation to the purposes for which they were collected.",
    "region_applicability": "EU/EEA",
    "ai_scope": "AI_Privacy_Control",
    "ai_scope_reason": "Heuristic keyword match: privacy/PII"
  },
  {
    "regulation": "GDPR",
    "article_or_section": "Article 17",
    "principle": "Retention",
    "requirement": "The controller shall erase personal data without undue delay when the data subject withdraws consent on which the processing is based and there is no other legal ground for the processing.",
    "region_applicability": "EU/EEA",
    "ai_scope": "AI_Privacy_Control",
    "ai_scope_reason": "Heuristic keyword match: privacy/PII"
  },
  {
    "regulation": "GDPR",
    "article_or_section": "Article 25",
    "principle": "Data Minimization",
    "requirement": "The controller shall implement appropriate technical and organizational measures to ensure that, by default, only personal data which are necessary for each specific purpose of the processing are processed.",
    "region_applicability": "EU/EEA",
    "ai_scope": "AI_Privacy_Control",
    "ai_scope_reason": "Heuristic keyword match: privacy/PII"
  },
  {
    "regulation": "GDPR",
    "article_or_section": "Article 21",
    "principle": "Privacy",
    "requirement": "The data subject shall have the right to object at any time to processing of personal data concerning him or her.",
    "region_applicability": "EU/EEA",
    "ai_scope": "AI_Privacy_Control",
    "ai_scope_reason": "Heuristic keyword match: privacy/PII"
  },
  {
    "regulation": "GDPR",
    "article_or_section": "Article 19",
    "principle": "Access Control",
    "requirement": "The controller shall communicate any rectification or erasure of personal data or restriction of processing to each recipient to whom the personal data have been disclosed.",
    "region_applicability": "EU/EEA",
    "ai_scope": "AI_Privacy_Control",
    "ai_scope_reason": "Heuristic keyword match: privacy/PII"
  },
  {
    "regulation": "GDPR",
    "article_or_section": "Article 32",
    "principle": "Security",
    "requirement": "The controller and processor shall ensure that any natural person acting under their authority who has access to personal data does not process them except on instructions from the controller.",
    "region_applicability": "EU/EEA",
    "ai_scope": "AI_Privacy_Control",
    "ai_scope_reason": "Heuristic keyword match: privacy/PII"
  },
  {
    "regulation": "GDPR",
    "article_or_section": "Article 33",
    "principle": "Security",
    "requirement": "The controller shall notify the supervisory authority of a personal data breach without undue delay and, where feasible, not later than 72 hours after becoming aware of it.",
    "region_applicability": "EU/EEA",
    "ai_scope": "AI_Privacy_Control",
    "ai_scope_reason": "Heuristic keyword match: privacy/PII"
  },
  {
    "regulation": "GDPR",
    "article_or_section": "Article 33",
    "principle": "Security",
    "requirement": "The processor shall notify the controller without undue delay after becoming aware of a personal data breach.",
    "region_applicability": "EU/EEA",
    "ai_scope": "AI_Privacy_Control",
    "ai_scope_reason": "Heuristic keyword match: privacy/PII"
  },
  {
    "regulation": "GDPR",
    "article_or_section": "Article 34",
    "principle": "Privacy",
    "requirement": "The controller shall communicate a personal data breach to the data subject without undue delay when it is likely to result in a high risk to the rights and freedoms of natural persons.",
    "region_applicability": "EU/EEA",
    "ai_scope": "AI_Privacy_Control",
    "ai_scope_reason": "Heuristic keyword match: privacy/PII"
  },
  {
    "regulation": "GDPR",
    "article_or_section": "Article 37",
    "principle": "Governance and Accountability",
    "requirement": "The controller and the processor shall designate a data protection officer in cases where processing is carried out by a public authority or body, requires regular and systematic monitoring of data subjects on a large scale, or involves large scale processing of special categories of data.",
    "region_applicability": "EU/EEA",
    "ai_scope": "AI_Governance",
    "ai_scope_reason": "Heuristic keyword match: audit/governance"
  },
  {
    "regulation": "GDPR",
    "article_or_section": "Article 38(1)",
    "principle": "Governance and Accountability",
    "requirement": "The controller and the processor shall ensure that the data protection officer is involved, properly and in a timely manner, in all issues which relate to the protection of personal data.",
    "region_applicability": "EU/EEA",
    "ai_scope": "AI_Privacy_Control",
    "ai_scope_reason": "Heuristic keyword match: privacy/PII"
  },
  {
    "regulation": "GDPR",
    "article_or_section": "Article 39(1)(b)",
    "principle": "Governance and Accountability",
    "requirement": "The data protection officer shall monitor compliance with this Regulation, with other Union or Member State data protection provisions and with the policies of the controller or processor in relation to the protection of personal data.",
    "region_applicability": "EU/EEA",
    "ai_scope": "AI_Privacy_Control",
    "ai_scope_reason": "Heuristic keyword match: privacy/PII"
  },
  {
    "regulation": "GDPR",
    "article_or_section": "Article 42(6)",
    "principle": "Governance and Accountability",
    "requirement": "The controller or processor shall provide the certification body with all information and access to its processing activities necessary to conduct the certification procedure.",
    "region_applicability": "EU/EEA",
    "ai_scope": "AI_Access_Control",
    "ai_scope_reason": "Heuristic keyword match: access control"
  },
  {
    "regulation": "GDPR",
    "article_or_section": "Article 44",
    "principle": "Privacy",
    "requirement": "Any transfer of personal data to a third country or international organization shall take place only if the conditions laid down in this Chapter are complied with by the controller and processor.",
    "region_applicability": "EU/EEA",
    "ai_scope": "AI_Privacy_Control",
    "ai_scope_reason": "Heuristic keyword match: privacy/PII"
  },
  {
    "regulation": "GDPR",
    "article_or_section": "Article 46",
    "principle": "Security",
    "requirement": "A controller or processor may transfer personal data to a third country or an international organisation only if appropriate safeguards are provided.",
    "region_applicability": "EU/EEA",
    "ai_scope": "AI_Privacy_Control",
    "ai_scope_reason": "Heuristic keyword match: privacy/PII"
  },
  {
    "regulation": "GDPR",
    "article_or_section": "Article 47",
    "principle": "Governance and Accountability",
    "requirement": "Binding corporate rules must confer enforceable rights on data subjects regarding the processing of their personal data.",
    "region_applicability": "EU/EEA",
    "ai_scope": "AI_Privacy_Control",
    "ai_scope_reason": "Heuristic keyword match: privacy/PII"
  },
  {
    "regulation": "GDPR",
    "article_or_section": "Article 47",
    "principle": "Retention",
    "requirement": "Binding corporate rules must include limited storage periods for personal data.",
    "region_applicability": "EU/EEA",
    "ai_scope": "AI_Privacy_Control",
    "ai_scope_reason": "Heuristic keyword match: privacy/PII"
  },
  {
    "regulation": "GDPR",
    "article_or_section": "Article 49",
    "principle": "Data Minimization",
    "requirement": "A transfer of personal data to a third country or an international organization shall take place only under specific conditions, including explicit consent from the data subject.",
    "region_applicability": "EU/EEA",
    "ai_scope": "AI_Privacy_Control",
    "ai_scope_reason": "Heuristic keyword match: privacy/PII"
  },
  {
    "regulation": "GDPR",
    "article_or_section": "Article 49",
    "principle": "Data Minimization",
    "requirement": "The controller shall inform the supervisory authority of the transfer of personal data.",
    "region_applicability": "EU/EEA",
    "ai_scope": "AI_Privacy_Control",
    "ai_scope_reason": "Heuristic keyword match: privacy/PII"
  },
  {
    "regulation": "GDPR",
    "article_or_section": "Article 49",
    "principle": "Data Minimization",
    "requirement": "The controller shall assess all circumstances surrounding the data transfer and provide suitable safeguards for the protection of personal data.",
    "region_applicability": "EU/EEA",
    "ai_scope": "AI_Privacy_Control",
    "ai_scope_reason": "Heuristic keyword match: privacy/PII"
  },
  {
    "regulation": "GDPR",
    "article_or_section": "Article 30",
    "principle": "Governance and Accountability",
    "requirement": "The controller or processor shall document the assessment and suitable safeguards regarding the transfer of personal data.",
    "region_applicability": "EU/EEA",
    "ai_scope": "AI_Privacy_Control",
    "ai_scope_reason": "Heuristic keyword match: privacy/PII"
  },
  {
    "regulation": "GDPR",
    "article_or_section": "Article 51",
    "principle": "Governance and Accountability",
    "requirement": "Each Member State shall provide for one or more independent public authorities responsible for monitoring the application of this Regulation.",
    "region_applicability": "EU/EEA",
    "ai_scope": "AI_Governance",
    "ai_scope_reason": "Heuristic keyword match: audit/governance"
  },
  {
    "regulation": "GDPR",
    "article_or_section": "Article 57",
    "principle": "Governance and Accountability",
    "requirement": "Each supervisory authority shall monitor and enforce the application of this Regulation.",
    "region_applicability": "EU/EEA",
    "ai_scope": "AI_Governance",
    "ai_scope_reason": "Heuristic keyword match: audit/governance"
  },
  {
    "regulation": "GDPR",
    "article_or_section": "Article 58",
    "principle": "Access Control",
    "requirement": "Each supervisory authority shall have the power to order the controller and the processor to provide any information it requires for the performance of its tasks.",
    "region_applicability": "EU/EEA",
    "ai_scope": "AI_Access_Control",
    "ai_scope_reason": "Heuristic keyword match: access control"
  },
  {
    "regulation": "GDPR",
    "article_or_section": "Article 58",
    "principle": "Access Control",
    "requirement": "Each supervisory authority shall have the power to obtain access to all personal data and to all information necessary for the performance of its tasks.",
    "region_applicability": "EU/EEA",
    "ai_scope": "AI_Privacy_Control",
    "ai_scope_reason": "Heuristic keyword match: privacy/PII"
  },
  {
    "regulation": "GDPR",
    "article_or_section": "Article 58",
    "principle": "Security",
    "requirement": "Each supervisory authority shall have the power to order the controller to communicate a personal data breach to the data subject.",
    "region_applicability": "EU/EEA",
    "ai_scope": "AI_Privacy_Control",
    "ai_scope_reason": "Heuristic keyword match: privacy/PII"
  },
  {
    "regulation": "GDPR",
    "article_or_section": "Article 58",
    "principle": "Security",
    "requirement": "Each supervisory authority shall have the power to order the rectification or erasure of personal data or restriction of processing pursuant to Articles 16, 17 and 18.",
    "region_applicability": "EU/EEA",
    "ai_scope": "AI_Privacy_Control",
    "ai_scope_reason": "Heuristic keyword match: privacy/PII"
  },
  {
    "regulation": "GDPR",
    "article_or_section": "Article 36(5)",
    "principle": "Governance and Accountability",
    "requirement": "Authorize processing if the law of the Member State requires such prior authorization.",
    "region_applicability": "EU/EEA",
    "ai_scope": "AI_Access_Control",
    "ai_scope_reason": "Heuristic keyword match: access control"
  },
  {
    "regulation": "GDPR",
    "article_or_section": "Article 46(3)(a)",
    "principle": "Governance and Accountability",
    "requirement": "Authorize contractual clauses.",
    "region_applicability": "EU/EEA",
    "ai_scope": "AI_Access_Control",
    "ai_scope_reason": "Heuristic keyword match: access control"
  },
  {
    "regulation": "GDPR",
    "article_or_section": "Article 46(3)(b)",
    "principle": "Governance and Accountability",
    "requirement": "Authorize administrative arrangements.",
    "region_applicability": "EU/EEA",
    "ai_scope": "AI_Access_Control",
    "ai_scope_reason": "Heuristic keyword match: access control"
  },
  {
    "regulation": "GDPR",
    "article_or_section": "Article 64",
    "principle": "Governance and Accountability",
    "requirement": "The competent supervisory authority shall communicate the draft decision to the Board when it aims to authorize contractual clauses referred to in Article 46(3).",
    "region_applicability": null,
    "ai_scope": "AI_Access_Control",
    "ai_scope_reason": "Heuristic keyword match: access control"
  },
  {
    "regulation": "GDPR",
    "article_or_section": "Article 70(1)(d)",
    "principle": "Retention",
    "requirement": "The Board shall issue guidelines, recommendations, and best practices on procedures for erasing links, copies or replications of personal data from publicly available communication services.",
    "region_applicability": "EU/EEA",
    "ai_scope": "AI_Privacy_Control",
    "ai_scope_reason": "Heuristic keyword match: privacy/PII"
  },
  {
    "regulation": "GDPR",
    "article_or_section": "Article 70(1)(g)",
    "principle": "Security",
    "requirement": "The Board shall issue guidelines, recommendations and best practices for establishing the personal data breaches and determining the undue delay for notification of personal data breaches.",
    "region_applicability": "EU/EEA",
    "ai_scope": "AI_Privacy_Control",
    "ai_scope_reason": "Heuristic keyword match: privacy/PII"
  },
  {
    "regulation": "GDPR",
    "article_or_section": "Article 70(1)(h)",
    "principle": "Security",
    "requirement": "The Board shall issue guidelines, recommendations and best practices for the circumstances in which a personal data breach is likely to result in a high risk to the rights and freedoms of natural persons.",
    "region_applicability": "EU/EEA",
    "ai_scope": "AI_Privacy_Control",
    "ai_scope_reason": "Heuristic keyword match: privacy/PII"
  },
  {
    "regulation": "GDPR",
    "article_or_section": "Article 76",
    "principle": "Access Control",
    "requirement": "Access to documents submitted to members of the Board, experts, and representatives of third parties shall be governed by Regulation (EC) No 1049/2001.",
    "region_applicability": "EU/EEA",
    "ai_scope": "AI_Access_Control",
    "ai_scope_reason": "Heuristic keyword match: access control"
  },
  {
    "regulation": "GDPR",
    "article_or_section": "Article 77",
    "principle": "Privacy",
    "requirement": "Every data subject shall have the right to lodge a complaint with a supervisory authority if the processing of personal data infringes this Regulation.",
    "region_applicability": "EU/EEA",
    "ai_scope": "AI_Privacy_Control",
    "ai_scope_reason": "Heuristic keyword match: privacy/PII"
  },
  {
    "regulation": "GDPR",
    "article_or_section": "Article 79",
    "principle": "Privacy",
    "requirement": "Each data subject shall have the right to an effective judicial remedy where he or she considers that his or her rights under this Regulation have been infringed.",
    "region_applicability": "EU/EEA",
    "ai_scope": "AI_Privacy_Control",
    "ai_scope_reason": "Heuristic keyword match: privacy/PII"
  },
  {
    "regulation": "GDPR",
    "article_or_section": "Article 80",
    "principle": "Privacy",
    "requirement": "The data subject shall have the right to mandate a not-for-profit body to lodge a complaint on his or her behalf.",
    "region_applicability": "EU/EEA",
    "ai_scope": "AI_Privacy_Control",
    "ai_scope_reason": "Heuristic keyword match: privacy/PII"
  },
  {
    "regulation": "GDPR",
    "article_or_section": "Article 5",
    "principle": "Data Minimization",
    "requirement": "Personal data shall be processed lawfully, fairly, and in a transparent manner in relation to the data subject.",
    "region_applicability": "EU/EEA",
    "ai_scope": "AI_Privacy_Control",
    "ai_scope_reason": "Heuristic keyword match: privacy/PII"
  },
  {
    "regulation": "GDPR",
    "article_or_section": "Article 6",
    "principle": "Data Minimization",
    "requirement": "Personal data shall be collected for specified, legitimate purposes and not further processed in a manner that is incompatible with those purposes.",
    "region_applicability": "EU/EEA",
    "ai_scope": "AI_Privacy_Control",
    "ai_scope_reason": "Heuristic keyword match: privacy/PII"
  },
  {
    "regulation": "GDPR",
    "article_or_section": "Article 7",
    "principle": "Privacy",
    "requirement": "Consent must be obtained from the data subject before processing their personal data.",
    "region_applicability": "EU/EEA",
    "ai_scope": "AI_Privacy_Control",
    "ai_scope_reason": "Heuristic keyword match: privacy/PII"
  },
  {
    "regulation": "GDPR",
    "article_or_section": "Article 12",
    "principle": "Access Control",
    "requirement": "Data subjects shall be provided with information regarding the processing of their personal data in a concise, transparent, intelligible, and easily accessible form.",
    "region_applicability": "EU/EEA",
    "ai_scope": "AI_Privacy_Control",
    "ai_scope_reason": "Heuristic keyword match: privacy/PII"
  },
  {
    "regulation": "GDPR",
    "article_or_section": "Article 15",
    "principle": "Access Control",
    "requirement": "Data subjects have the right to obtain confirmation as to whether or not personal data concerning them is being processed.",
    "region_applicability": "EU/EEA",
    "ai_scope": "AI_Privacy_Control",
    "ai_scope_reason": "Heuristic keyword match: privacy/PII"
  },
  {
    "regulation": "GDPR",
    "article_or_section": "Article 17",
    "principle": "Retention",
    "requirement": "Data subjects have the right to obtain the erasure of personal data concerning them without undue delay under certain conditions.",
    "region_applicability": "EU/EEA",
    "ai_scope": "AI_Privacy_Control",
    "ai_scope_reason": "Heuristic keyword match: privacy/PII"
  },
  {
    "regulation": "GDPR",
    "article_or_section": "Article 30",
    "principle": "Governance and Accountability",
    "requirement": "Each controller and, where applicable, the controller's representative shall maintain a record of processing activities under its responsibility.",
    "region_applicability": "EU/EEA",
    "ai_scope": "General_Governance",
    "ai_scope_reason": "LLM disabled \u2014 heuristic fallback",
    "ai_filter_reason": "heuristic keyword match"
  },
  {
    "regulation": "GDPR",
    "article_or_section": "Article 30",
    "principle": "Governance and Accountability",
    "requirement": "The controller or processor should maintain records of processing activities under its responsibility.",
    "region_applicability": "EU/EEA",
    "ai_scope": "General_Governance",
    "ai_scope_reason": "LLM disabled \u2014 heuristic fallback",
    "ai_filter_reason": "heuristic keyword match"
  },
  {
    "regulation": "GDPR",
    "article_or_section": "Article 30",
    "principle": "Governance and Accountability",
    "requirement": "Each controller and, where applicable, the controller's representative shall maintain a record of processing activities under its responsibility.",
    "region_applicability": "EU/EEA",
    "ai_scope": "General_Governance",
    "ai_scope_reason": "LLM disabled \u2014 heuristic fallback",
    "ai_filter_reason": "heuristic keyword match"
  },
  {
    "regulation": "GDPR",
    "article_or_section": "Article 30",
    "principle": "Governance and Accountability",
    "requirement": "Each controller shall maintain a record of processing activities under its responsibility.",
    "region_applicability": "EU/EEA",
    "ai_scope": "General_Governance",
    "ai_scope_reason": "LLM disabled \u2014 heuristic fallback",
    "ai_filter_reason": "heuristic keyword match"
  },
  {
    "regulation": "GDPR",
    "article_or_section": "Article 30",
    "principle": "Governance and Accountability",
    "requirement": "The controller or processor shall make the record available to the supervisory authority on request.",
    "region_applicability": "EU/EEA",
    "ai_scope": "General_Governance",
    "ai_scope_reason": "LLM disabled \u2014 heuristic fallback",
    "ai_filter_reason": "heuristic keyword match"
  },
  {
    "regulation": "GDPR",
    "article_or_section": "Article 37(7)",
    "principle": "Governance and Accountability",
    "requirement": "The controller or the processor shall publish the contact details of the data protection officer and communicate them to the supervisory authority.",
    "region_applicability": "EU/EEA",
    "ai_scope": "General_Governance",
    "ai_scope_reason": "LLM disabled \u2014 heuristic fallback",
    "ai_filter_reason": "heuristic keyword match"
  },
  {
    "regulation": "GDPR",
    "article_or_section": "Article 43(2)(d)",
    "principle": "Governance and Accountability",
    "requirement": "Certification bodies shall establish procedures and structures to handle complaints about infringements of the certification.",
    "region_applicability": "EU/EEA",
    "ai_scope": "General_Governance",
    "ai_scope_reason": "LLM disabled \u2014 heuristic fallback",
    "ai_filter_reason": "heuristic keyword match"
  },
  {
    "regulation": "GDPR",
    "article_or_section": "Article 57",
    "principle": "Governance and Accountability",
    "requirement": "Each supervisory authority shall handle complaints lodged by a data subject or by a body, organisation or association in accordance with Article 80.",
    "region_applicability": "EU/EEA",
    "ai_scope": "General_Governance",
    "ai_scope_reason": "LLM disabled \u2014 heuristic fallback",
    "ai_filter_reason": "heuristic keyword match"
  },
  {
    "regulation": "GDPR",
    "article_or_section": "Article 64",
    "principle": "Governance and Accountability",
    "requirement": "The competent supervisory authority shall communicate the draft decision to the Board when it aims to adopt a list of processing operations subject to a data protection impact assessment.",
    "region_applicability": null,
    "ai_scope": "General_Governance",
    "ai_scope_reason": "LLM disabled \u2014 heuristic fallback",
    "ai_filter_reason": "heuristic keyword match"
  },
  {
    "regulation": "GDPR",
    "article_or_section": "Article 64",
    "principle": "Governance and Accountability",
    "requirement": "The competent supervisory authority shall communicate the draft decision to the Board when it aims to approve the criteria for accreditation of a body pursuant to Article 41(3).",
    "region_applicability": null,
    "ai_scope": "General_Governance",
    "ai_scope_reason": "LLM disabled \u2014 heuristic fallback",
    "ai_filter_reason": "heuristic keyword match"
  },
  {
    "regulation": "GDPR",
    "article_or_section": "Article 64",
    "principle": "Governance and Accountability",
    "requirement": "The competent supervisory authority shall communicate the draft decision to the Board when it aims to determine standard data protection clauses referred to in Article 46(2) and Article 28(8).",
    "region_applicability": null,
    "ai_scope": "General_Governance",
    "ai_scope_reason": "LLM disabled \u2014 heuristic fallback",
    "ai_filter_reason": "heuristic keyword match"
  },
  {
    "regulation": "GDPR",
    "article_or_section": "Article 64",
    "principle": "Governance and Accountability",
    "requirement": "The competent supervisory authority shall communicate the draft decision to the Board when it aims to approve binding corporate rules within the meaning of Article 47.",
    "region_applicability": null,
    "ai_scope": "General_Governance",
    "ai_scope_reason": "LLM disabled \u2014 heuristic fallback",
    "ai_filter_reason": "heuristic keyword match"
  },
  {
    "regulation": "GDPR",
    "article_or_section": "Article 70(1)(o)",
    "principle": "Governance and Accountability",
    "requirement": "The Board shall carry out the accreditation of certification bodies and its periodic review and maintain a public register of accredited bodies.",
    "region_applicability": "EU/EEA",
    "ai_scope": "General_Governance",
    "ai_scope_reason": "LLM disabled \u2014 heuristic fallback",
    "ai_filter_reason": "heuristic keyword match"
  }
]